Acute respiratory symptoms avoided due to particulate matter [PM2.5] removed (cases/yr),Value of mortality avoided due to particulate matter [PM2.5] removed ($/yr),Average reduction in nighttime ambient temperature (Celsius),Average reduction in daytime ambient temperature (Celsius),Particulate matter [PM2.5] (kg/yr),Percent tree cover in 15m buffer,Percent vegetated cover in 15m buffer,Percent particulate matter [PM2.5] removed annually by tree cover
0.24141907,6914.820192,0.208037376404,0.38694572448700004,15,-99999.0,-99999.0,0.0648219343635
0.38142005700000003,10924.78363,0.259908109903,0.486685454845,18,-99999.0,-99999.0,0.089629971271
0.274113398,7351.4263439999995,0.08585194498299999,0.157602250576,11,2.990000009536743,11.300000190734865,0.0275195917526
0.18073444800000002,5809.611139,0.12160965055199999,0.227686807513,49,5.800000190734862,27.420000076293945,0.0431090090029
0.291257202,9362.305347,0.281127005816,0.530008435249,18,-99999.0,-99999.0,0.0886728652665
0.569705104,18312.86266,0.401290535927,0.7494273185729999,32,-99999.0,-99999.0,0.12440220694599999
0.498458945,16022.69339,0.29509547352800003,0.564438581467,36,71.8499984741211,87.41999816894531,0.104432641258
0.445684619,12844.83143,0.291592031717,0.546034097672,43,-99999.0,-99999.0,0.0982149020475
0.42626643799999997,12285.1907,0.318735033274,0.591674685478,33,-99999.0,-99999.0,0.10543828437000001
0.387577116,11379.6146,0.267322093248,0.504301130772,35,-99999.0,-99999.0,0.08826913486089999
0.49133166100000003,14425.94189,0.334756404161,0.612524569035,50,-99999.0,-99999.0,0.10869063288799999
0.29165953,9196.319114,0.278031259775,0.515598237514,44,-99999.0,-99999.0,0.0903949647664
0.111866701,3527.2698939999996,0.184449255466,0.34911310672799994,6,-99999.0,-99999.0,0.0638675415319
0.095268189,2691.470376,0.109505347908,0.20013363659400002,36,12.18000030517578,51.5,0.036697887308699995
0.212263258,5996.7579350000005,0.221002027392,0.405553609133,19,-99999.0,-99999.0,0.0745076822717
0.272135533,7749.201238,0.206027701497,0.381234496832,10,-99999.0,-99999.0,0.0691939811553
0.503753922,14344.655659999999,0.312420040369,0.585995674133,27,-99999.0,-99999.0,0.10177074104699999
0.294089598,8938.802001,0.22085808217500003,0.40957826376,47,-99999.0,-99999.0,0.0746687241791
0.31257327,9500.612544,0.30180600285500003,0.56493729353,33,-99999.0,-99999.0,0.0988724147461
0.181265331,5230.070388,0.20394502580200002,0.372158616781,13,-99999.0,-99999.0,0.0672919107604
0.16109138,4647.988932,0.180887937546,0.330597251654,8,-99999.0,-99999.0,0.0659792717225
0.059913769000000006,1833.022875,0.0622349046171,0.115838296711,50,22.200000762939453,51.02999877929688,0.0222896543878
0.208492873,6378.704088,0.217335775495,0.400965362787,11,-99999.0,-99999.0,0.0745777435827
0.19516837,5971.049572999999,0.20034186542,0.38685891032200004,20,-99999.0,-99999.0,0.0652751565482
0.214663529,6061.297656000001,0.257034093142,0.48225450515699997,8,-99999.0,-99999.0,0.08220727819139999
0.12078667800000001,3410.565406,0.221177518368,0.41175603866599997,7,-99999.0,-99999.0,0.0749001806982
0.24577104,6939.657797,0.246414229274,0.45563581585900004,11,-99999.0,-99999.0,0.07614863875410001
0.25225117,7122.632484000001,0.272699564695,0.511878311634,16,-99999.0,-99999.0,0.0912461240371
0.5551194389999999,15889.78024,0.516380369663,0.9629693031309999,61,53.5,75.02999877929688,0.16396602904000002
0.28886327,8268.443791,0.324238479137,0.6069769859309999,13,-99999.0,-99999.0,0.112628904255
0.38873516700000005,11127.18443,0.284799724817,0.51393866539,18,-99999.0,-99999.0,0.09378044664719999
0.17500544699999998,5009.368976,0.20497418940099998,0.39910081028899996,8,-99999.0,-99999.0,0.07099995681919999
0.312859544,8955.312564,0.355028152466,0.6529774665829999,13,-99999.0,-99999.0,0.111279560943
0.514103741,14698.640430000001,0.305724591017,0.563600063324,27,-99999.0,-99999.0,0.09277098503219999
0.269938565,7717.761187,0.30559733510000003,0.587627112865,9,-99999.0,-99999.0,0.106708020022
0.501593081,14686.624269999998,0.361119180918,0.665699958801,91,-99999.0,-99999.0,0.118368199114
0.288525801,8448.023271,0.33595442771899997,0.622478723526,77,50.7400016784668,68.91000366210939,0.11116648046800001
0.20704726699999998,6062.335257,0.30398261547100003,0.547155380249,7,-99999.0,-99999.0,0.092255525731
0.76761786,25928.59318,0.338703274727,0.630943715572,64,45.70000076293945,73.31999969482422,0.11482486830600001
1.193792886,40323.93154,0.49448665976499995,0.9298605322840001,113,76.54000091552734,89.98999786376953,0.159874209638
0.303318413,10245.48819,0.230181634426,0.414220243692,13,-99999.0,-99999.0,0.075402557363
0.43164672600000004,14413.7455,0.290219992399,0.539713323116,42,-99999.0,-99999.0,0.0979226893918
0.190562802,6363.360489,0.149448946118,0.280773967505,26,-99999.0,-99999.0,0.051786600768800005
0.29369696100000003,9807.263662000001,0.187358543277,0.34585589170500003,25,-99999.0,-99999.0,0.0659463761364
1.186440436,35149.14736,0.588942468166,1.10101795197,160,44.7400016784668,62.459999084472656,0.186363588545
0.492141362,14580.04019,0.279366195202,0.533164024353,20,-99999.0,-99999.0,0.08754820546060002
0.113064715,3413.9803049999996,0.140052750707,0.249160334468,7,-99999.0,-99999.0,0.048446086242
0.216044176,6523.437136,0.21812136471299998,0.40675505995800004,11,-99999.0,-99999.0,0.06989090653489999
0.36528755700000004,11029.82945,0.218281984329,0.40385845303499995,23,40.86000061035156,70.5,0.07251122895260001
0.34530125100000003,11113.31315,0.23348604142700002,0.43827059865,13,-99999.0,-99999.0,0.0792105865569
0.498922507,16057.52094,0.215047165751,0.39682385325400005,22,-99999.0,-99999.0,0.0673111411828
0.38516545399999996,12620.947890000001,0.38971328735399996,0.737984716892,26,-99999.0,-99999.0,0.130161645473
0.6362357439999999,20847.91897,0.348842382431,0.645073711872,51,69.15000152587889,93.5999984741211,0.115989299603
0.40483325700000006,13265.41468,0.35871616005900003,0.668671131134,28,-99999.0,-99999.0,0.122063401939
0.41183709,13494.913480000001,0.305688738823,0.571221351624,26,-99999.0,-99999.0,0.102692126578
0.587685114,20628.53141,0.23954586684700002,0.445208460093,200,34.43000030517578,71.43000030517578,0.0816705435744
0.43352921899999997,10442.57243,0.0479644089937,0.08920344710349999,58,1.100000023841858,24.79999923706055,0.0167943799165
0.17162584399999997,3671.925513,0.0579834394157,0.10855942219499999,29,9.520000457763672,37.709999084472656,0.0202090198366
0.107738874,2305.0666699999997,0.10159188509,0.185538068414,6,-99999.0,-99999.0,0.0355525178171
0.045662111,1101.579317,0.0628643333912,0.12137110531300001,8,-99999.0,-99999.0,0.023288404434099998
0.477049913,11508.62959,0.0866334661841,0.162735268474,28,-99999.0,-99999.0,0.029800560376300002
0.117396999,3969.144315,0.0969358682632,0.181210294366,31,11.020000457763672,29.709999084472656,0.035181570174400004
0.073754363,2493.6046920000003,0.08692500740289999,0.15966334939000001,24,-99999.0,-99999.0,0.029154216352499998
0.104972833,3177.817378,0.145490512252,0.269057780504,9,-99999.0,-99999.0,0.050843265256400004
0.08869835699999999,2685.144075,0.09328814595939999,0.174624606967,24,-99999.0,-99999.0,0.030379439669499998
0.15744781800000002,4766.379986,0.15392865240599998,0.285481512547,8,-99999.0,-99999.0,0.0550520604722
0.137800331,4352.439196,0.16753603518,0.31342285871500003,9,-99999.0,-99999.0,0.0575438997693
0.145247582,4587.661486999999,0.14348971843699998,0.27191442251200004,14,-99999.0,-99999.0,0.0484883550454
0.138207101,3370.316624,0.12395151704500001,0.228447139263,33,-99999.0,-99999.0,0.0410947220948
0.267342834,6519.418939,0.14450860023499998,0.26780521869699997,9,-99999.0,-99999.0,0.0466746280124
0.396224385,9662.322849,0.231870576739,0.426287412643,15,-99999.0,-99999.0,0.0755160701482
0.365171331,11040.65112,0.160797759891,0.297395497561,36,-99999.0,-99999.0,0.05540741222059999
0.094415181,1885.2764100000002,0.0502587705851,0.0948539599776,9,-99999.0,-99999.0,0.0171584146374
0.024878288,496.7681,0.04409571364519999,0.07647345960139999,0,-99999.0,-99999.0,0.013209019931600001
0.23099540100000002,5765.693033,0.110535211861,0.20826143026399999,24,-99999.0,-99999.0,0.0388288646705
0.07496311,2578.7647420000003,0.135909125209,0.24929603934300001,38,-99999.0,-99999.0,0.045393645991699996
0.110871063,3814.0144939999996,0.20022457838100002,0.38108125329000003,12,-99999.0,-99999.0,0.0665153357374
0.148515979,4372.515219,0.21553987264600002,0.39952811598800003,13,-99999.0,-99999.0,0.06863071559259999
0.24801324600000002,7301.851962999999,0.239319339395,0.44756796956100003,34,-99999.0,-99999.0,0.0790758155385
0.120691063,3616.3881850000002,0.0982646867633,0.182185739279,73,13.479999542236328,25.989999771118164,0.0339057180798
0.353303589,10586.39221,0.35720872879,0.648625135422,22,99.97000122070312,100.0,0.110714812784
0.454618495,13622.19305,0.24782012403,0.465080440044,37,-99999.0,-99999.0,0.0818588657547
0.052679217,1414.499345,0.112587280571,0.209966495633,39,7.360000133514403,41.59000015258789,0.0392875525253
0.261184029,7013.100297,0.377985715866,0.7074911594390001,158,26.36000061035156,84.55999755859375,0.126447623028
0.152667685,4099.3081090000005,0.14469662308700001,0.266353905201,13,-99999.0,-99999.0,0.052632593161
0.218170427,6458.3380799999995,0.305421471596,0.58173429966,12,-99999.0,-99999.0,0.09915931621230001
0.368915345,10920.72861,0.47633266448999995,0.8768311738969999,68,70.37999725341797,81.69999694824219,0.148445864759
0.21452145600000003,6407.599204,0.292112708092,0.534946084023,10,-99999.0,-99999.0,0.0958021997817
0.24061634699999998,7187.034581999999,0.289462894201,0.52548545599,15,-99999.0,-99999.0,0.0898730878359
0.251666538,7326.987840999999,0.264699369669,0.48790904879600006,11,-99999.0,-99999.0,0.0916874337421
0.215743661,6281.1337140000005,0.330964297056,0.625322759151,17,-99999.0,-99999.0,0.110420032438
0.29527030600000004,8254.166579,0.367731302977,0.685105443001,17,-99999.0,-99999.0,0.118600785698
0.37238757299999997,10409.949779999999,0.33906292915299996,0.629585087299,22,-99999.0,-99999.0,0.11050925482000001
0.155640374,4884.522169,0.2779558599,0.515504181385,10,-99999.0,-99999.0,0.0889655683142
0.18491740899999998,5803.33481,0.307582825422,0.574791312218,13,-99999.0,-99999.0,0.10476326839700001
0.518862411,15225.653119999999,0.45546352863300005,0.8645888566969999,63,79.76000213623047,93.81999969482422,0.151001475514
0.353020389,15209.70006,0.433637231588,0.807837545872,43,-99999.0,-99999.0,0.140787455022
0.334985143,14432.6608,0.312247663736,0.587808609009,22,-99999.0,-99999.0,0.103466879794
0.239930495,7732.213906,0.384295791388,0.7258876562119999,16,-99999.0,-99999.0,0.114121836437
0.28068235399999997,9045.519765000001,0.275764971972,0.49321419000600003,26,-99999.0,-99999.0,0.09224875998919999
0.406151109,12009.512859999999,0.292268186808,0.557052075863,29,-99999.0,-99999.0,0.09654500071939999
0.112112907,3315.075034,0.134042873979,0.25604483485199997,13,-99999.0,-99999.0,0.0486276532881
0.299376386,10271.8328,0.359882265329,0.6777782440189999,20,-99999.0,-99999.0,0.12059578680199999
0.216226103,7418.882979000001,0.269952535629,0.501748263836,35,-99999.0,-99999.0,0.0876843161169
0.248199163,9148.52772,0.338913232088,0.637640893459,24,-99999.0,-99999.0,0.110169341122
0.251308882,9263.150972,0.32445538044,0.604829847813,21,-99999.0,-99999.0,0.102895359723
0.165121143,5046.307849,0.368925690651,0.677958071232,15,-99999.0,-99999.0,0.11698024577199999
0.21628219,6609.85318,0.294485419989,0.554686903954,14,-99999.0,-99999.0,0.09868473769580001
0.335215275,11730.00116,0.24405038356800002,0.459834098816,40,-99999.0,-99999.0,0.0824933479759
0.06820586299999999,2944.700929,0.10860830545399999,0.19507554173500002,26,-99999.0,-99999.0,0.035714939158300006
0.069712726,3009.757838,0.131471708417,0.24284791946400003,33,-99999.0,-99999.0,0.0455515920127
0.553929139,17605.68287,0.343031197786,0.631277501583,48,-99999.0,-99999.0,0.112725104509
0.318964081,11087.49228,0.229026570916,0.423232316971,56,-99999.0,-99999.0,0.0760367983126
0.403565274,12130.49324,0.357663631439,0.6627421379089999,61,-99999.0,-99999.0,0.117304688358
0.14434628,4338.806349,0.139460280538,0.257851213217,11,-99999.0,-99999.0,0.0464365602838
0.080670029,2424.805373,0.320034831762,0.601868748665,56,-99999.0,-99999.0,0.106985662734
0.341317065,11695.97077,0.28235310316100004,0.525940954685,64,-99999.0,-99999.0,0.09325220195280001
0.502974158,11645.16529,0.24895751476300002,0.460686713457,37,1.2300000190734863,57.27000045776367,0.08209304822760001
0.20016118300000002,6451.998864,0.276954501867,0.515690147877,61,-99999.0,-99999.0,0.0918012113776
0.121902031,3929.3920810000004,0.309563666582,0.581379890442,90,-99999.0,-99999.0,0.10368758051000002
0.146875043,4734.37252,0.19529660046100003,0.36312898993500003,77,-99999.0,-99999.0,0.065850093563
0.253165108,7172.985892000001,0.253548026085,0.475207090378,67,99.69000244140624,100.0,0.0879457777268
0.168637985,4778.059271,0.21461127698399998,0.401568949223,32,-99999.0,-99999.0,0.0746269323339
0.106052765,3476.8630340000004,0.352119415998,0.645125031471,66,12.3100004196167,84.9800033569336,0.107935799136
0.24072796600000002,6598.969727000001,0.268767267466,0.50292801857,22,-99999.0,-99999.0,0.09220938241910001
0.181654483,4979.614343,0.330219775438,0.621554732323,20,-99999.0,-99999.0,0.108958576875
0.145559498,3990.158429,0.21145410835700001,0.40631306171400006,9,-99999.0,-99999.0,0.0764062223852
0.289979191,7949.071876999999,0.261590749025,0.48514455556900005,21,-99999.0,-99999.0,0.0899715965928
0.512918025,14896.76984,0.271977692842,0.496657818556,25,-99999.0,-99999.0,0.0919270400567
0.29254209999999997,8780.16582,0.23712153732799998,0.440312117338,21,-99999.0,-99999.0,0.07415157522089999
0.18387585,5152.509789,0.151551425457,0.285672903061,47,-99999.0,-99999.0,0.0511528912649
0.358010504,10731.639229999999,0.313657999039,0.5819868445399999,15,-99999.0,-99999.0,0.100756782438
0.753726551,22593.531000000003,0.38235151767700004,0.7179369926450001,57,-99999.0,-99999.0,0.122911050233
0.231224832,7008.082265999999,0.252877861261,0.464872658253,11,-99999.0,-99999.0,0.0807458051523
0.147017067,4455.8696119999995,0.14067848026799998,0.262383073568,29,-99999.0,-99999.0,0.04922384343669999
0.20342939999999998,5899.945925,0.240310534835,0.43903490901000003,15,-99999.0,-99999.0,0.0780771943898
0.23813957600000002,6906.625212999999,0.24689193069899998,0.454483479261,18,-99999.0,-99999.0,0.083240615136
0.282809384,8202.157976,0.33190631866500003,0.6240898966790001,19,-99999.0,-99999.0,0.109314706032
0.261567861,7586.102278,0.320637971163,0.598694562912,43,17.120000839233402,86.4800033569336,0.107127350847
0.35802143700000005,10383.48988,0.374783754349,0.684141933918,34,68.37999725341797,93.73999786376952,0.120871488526
0.517401715,15709.17575,0.294351875782,0.550749838352,50,66.70999908447266,76.31999969482422,0.10040795378699999
0.171543709,5208.352032,0.23202788829799997,0.43356308341000005,11,-99999.0,-99999.0,0.0764830424435
0.413977094,12569.03259,0.241166397929,0.454425603151,23,56.43999862670898,100.0,0.0823531126575
0.230779525,7006.849929000001,0.22435630857900002,0.419640749693,12,-99999.0,-99999.0,0.0750188704318
0.14526434900000001,4709.665093,0.268191844225,0.495499819517,11,-99999.0,-99999.0,0.088524165161
0.203369993,6593.528023,0.36141183972400004,0.679658770561,16,-99999.0,-99999.0,0.11422401991100001
0.20590237100000003,6420.26503,0.29355150461199997,0.543078124523,24,-99999.0,-99999.0,0.09910053658399999
0.16413968,5118.0578590000005,0.204210817814,0.38825589418399997,12,-99999.0,-99999.0,0.0751913904094
0.137271607,4748.871386,0.209200814366,0.389885038137,7,-99999.0,-99999.0,0.0678964714927
0.377914326,13073.83641,0.250689595938,0.46209010481799995,29,-99999.0,-99999.0,0.08381548321389999
0.11175003300000001,3684.358483,0.28188344836199997,0.509609520435,13,-99999.0,-99999.0,0.08765238994480001
0.24660692399999998,8130.541745,0.410944610834,0.778754770756,14,-99999.0,-99999.0,0.128608060853
0.36896756399999997,12164.72812,0.3332285285,0.626068532467,15,-99999.0,-99999.0,0.109712408685
0.410092333,13520.597,0.477855235338,0.886110424995,26,-99999.0,-99999.0,0.146171866046
0.24615425800000001,8115.617509000001,0.332282543182,0.594402551651,15,-99999.0,-99999.0,0.10608934833599999
0.224406952,7325.853126999999,0.372682243586,0.695030868053,24,-99999.0,-99999.0,0.121461593037
0.350560453,11444.18374,0.29813221097,0.54976862669,24,-99999.0,-99999.0,0.0982010669225
0.32197616100000004,10511.0383,0.339270502329,0.624975323677,18,-99999.0,-99999.0,0.112768457463
0.128017161,4179.1705170000005,0.22264458239100002,0.39443513751000003,5,-99999.0,-99999.0,0.0724546351457
0.29766925899999996,9927.412074,0.341486096382,0.6365451812740001,16,-99999.0,-99999.0,0.112437365397
0.320001062,10672.18837,0.26618170738200003,0.500136196613,31,-99999.0,-99999.0,0.08542313265239998
0.349490677,11655.681129999999,0.310604095459,0.5745288729670001,23,-99999.0,-99999.0,0.09844169488060002
0.165675114,5523.794352,0.156698808074,0.289341449738,36,61.70000076293945,88.16000366210938,0.0520906729813
0.154463754,5149.99503,0.280345886946,0.5198559165,8,-99999.0,-99999.0,0.0948251111008
0.22075769899999997,7360.309611,0.340691715479,0.638177812099,14,-99999.0,-99999.0,0.11781086218499999
0.24742582100000002,8066.225575,0.295095235109,0.553462922573,17,-99999.0,-99999.0,0.0908583921885
0.20017312899999998,6525.760349,0.240266442299,0.44676280021700004,7,-99999.0,-99999.0,0.07429571847569999
0.24300041,7921.954594,0.25737118721,0.48976337909699996,14,-99999.0,-99999.0,0.083606191756
0.290719952,9477.639409000001,0.34535577893299996,0.633814454079,26,-99999.0,-99999.0,0.11081411012
0.163115714,5334.582947,0.229136005044,0.420495837927,22,13.270000457763672,36.75,0.07063486588330001
0.202931838,6636.740766,0.366587132215,0.677230298519,12,-99999.0,-99999.0,0.120734196058
0.24590959899999998,8042.2977599999995,0.331648766994,0.624469876289,19,-99999.0,-99999.0,0.102987780682
0.305801537,8995.769854,0.324953645468,0.6194073557850001,53,36.38999938964844,67.37000274658203,0.11544917603
0.40620328899999997,11949.2902,0.316459268332,0.5784631967539999,18,-99999.0,-99999.0,0.10059254389799999
0.38519242299999995,11331.21312,0.312943190336,0.592664957047,19,-99999.0,-99999.0,0.099845568484
0.194442256,5938.33809,0.193486496806,0.35852542519599995,39,-99999.0,-99999.0,0.0641634167088
0.15751057300000001,4810.43059,0.230644643307,0.440982222557,17,-99999.0,-99999.0,0.07692486835580001
0.83386333,34492.721110000006,0.305385559797,0.575132191181,33,28.149999618530273,61.18000030517578,0.102257352675
0.088778506,3672.3191100000004,0.14963442087200002,0.263052612543,11,-99999.0,-99999.0,0.0453342345882
0.328164298,13574.502209999999,0.391979247332,0.728975474834,17,-99999.0,-99999.0,0.129506415293
0.344840265,9731.031875,0.339210242033,0.613462865353,18,-99999.0,-99999.0,0.10801098957800001
0.117213612,3307.64562,0.07577401399610001,0.14592887461200002,31,-99999.0,-99999.0,0.027297615641799996
0.494173975,14475.28303,0.303357452154,0.563403010368,53,17.209999084472653,30.8700008392334,0.09772961787589998
0.21038330100000002,6162.521634000001,0.183300539851,0.34033286571500004,28,11.600000381469727,55.5,0.05947023336519999
0.16308631199999998,4777.103784,0.32235932350200003,0.60277813673,16,28.540000915527344,62.70000076293945,0.10516037810000001
0.172578065,4964.586761,0.169686004519,0.313465029001,23,-99999.0,-99999.0,0.0572459268636
0.329303812,9473.146797,0.30032274126999997,0.568766832352,22,-99999.0,-99999.0,0.09873494199889998
0.151176364,4400.816379999999,0.12141752988099999,0.227204829454,16,0.0,15.670000076293945,0.0400649346526
0.071987887,2095.601893,0.108438275754,0.201303601265,14,2.440000057220459,8.729999542236326,0.037343447336300004
0.102539829,2984.983559,0.150844812393,0.276107043028,5,-99999.0,-99999.0,0.0526242555882
0.19507896,5678.842002,0.164065673947,0.298291832209,7,-99999.0,-99999.0,0.05649897340969999
0.619966372,19400.80296,0.34737476706500003,0.645803689957,111,35.720001220703125,73.37000274658203,0.11639588441700001
0.494063518,15460.88529,0.29522904753699997,0.566344380379,31,-99999.0,-99999.0,0.09923214139450001
0.393233047,12305.56559,0.394875019789,0.7366727590559999,29,-99999.0,-99999.0,0.128237130333
0.255835555,8524.612688,0.169019445777,0.311789274216,16,-99999.0,-99999.0,0.058047011824900005
0.14555669599999999,4850.046967,0.16814096272,0.314761012793,8,-99999.0,-99999.0,0.0558368393513
0.109887901,3661.538746,0.128308862448,0.239414677024,16,-99999.0,-99999.0,0.042809103048700003
0.42695315899999997,14226.366259999999,0.212875053287,0.39184677600900003,21,-99999.0,-99999.0,0.070143085808
0.461373154,15373.26365,0.27404740452799997,0.510594248772,43,22.75,77.44999694824219,0.0928512804037
0.219526742,6470.230759,0.317083775997,0.589380681515,71,64.43000030517578,82.36000061035156,0.103990994756
0.231523847,6823.827951,0.19234316051,0.35951104760200003,36,-99999.0,-99999.0,0.0649224027667
0.079770295,2351.11319,0.09546073526139999,0.175434157252,21,-99999.0,-99999.0,0.0319989553681
0.268278642,8272.930659,0.241485163569,0.445003062487,26,-99999.0,-99999.0,0.0778694715437
0.376428626,11607.960659999999,0.49617862701399995,0.906857430935,21,40.09000015258789,66.58999633789061,0.160464755102
0.15879252800000002,4896.698311,0.19953162968199997,0.359279513359,23,9.380000114440918,39.150001525878906,0.0636015718635
0.231695315,7144.807602,0.31878641247699996,0.589730143547,19,-99999.0,-99999.0,0.10625639578900001
0.42874541200000005,13983.82818,0.656885504723,1.21566283703,49,27.85000038146973,44.18000030517578,0.200664287159
0.348578819,11369.139290000001,0.316854774952,0.606915652752,15,-99999.0,-99999.0,0.0941949043461
0.223169405,7278.8245099999995,0.36076083779299994,0.6639586091040001,15,0.0,0.0,0.10407814952
0.262111668,8071.267489,0.306928575039,0.56864374876,13,-99999.0,-99999.0,0.10425134827299999
0.237306475,7307.435204,0.321514815092,0.601725697517,18,-99999.0,-99999.0,0.11064549455299999
0.198381833,6108.819382,0.31579259038,0.594835460186,12,-99999.0,-99999.0,0.10272645345100001
0.185950576,5726.020713,0.334481149912,0.6247720122339999,14,-99999.0,-99999.0,0.11095731718900001
0.461080857,14268.77438,0.612368404865,1.14156746864,47,82.73999786376953,93.7699966430664,0.183521946041
0.209975697,6497.983604999999,0.371873348951,0.687064766884,12,-99999.0,-99999.0,0.11653588134000001
0.272843665,8443.518383,0.297882497311,0.542179763317,22,-99999.0,-99999.0,0.09749092388589999
0.38798977100000004,12006.8713,0.35595771670299997,0.671860575676,28,-99999.0,-99999.0,0.120965154454
0.312920035,10979.23087,0.326449126005,0.614990830421,20,-99999.0,-99999.0,0.110439277369
0.14957024,5247.878070000001,0.242080226541,0.455182373524,11,-99999.0,-99999.0,0.0817333329728
0.221598,7775.071339,0.325272977352,0.611705780029,11,-99999.0,-99999.0,0.10574454139799999
0.190603815,6270.863154,0.300995379686,0.551007986069,16,-99999.0,-99999.0,0.0958780912661
0.20353643100000002,6696.346075,0.356499403715,0.656501531601,15,-99999.0,-99999.0,0.116113077521
0.488733876,16300.22286,0.415242880583,0.784954786301,29,-99999.0,-99999.0,0.138230541063
0.694888947,23175.89439,0.420525938272,0.79222548008,25,76.58999633789062,92.52999877929688,0.142531412281
1.867335341,15386.40979,0.33525332808499997,0.626302957535,64,-99999.0,-99999.0,0.106699386938
0.43741374899999996,3604.1877700000005,0.346716314554,0.652671575546,64,48.7400016784668,78.45999908447266,0.115881871645
1.27063287,25456.2132,0.48079800605800005,0.899702191353,94,85.30000305175781,94.8499984741211,0.15861000055299998
0.605839895,12137.56539,0.498171716928,0.9218128323549999,30,-99999.0,-99999.0,0.159184745451
0.359638798,7205.103966,0.19761712849100002,0.355141937733,14,-99999.0,-99999.0,0.0646065674159
0.545293412,15531.96304,0.267793506384,0.503748774529,67,40.0,62.27999877929688,0.0885825643364
0.035816099,957.3043312000001,0.16297739744200002,0.298668831587,35,28.6200008392334,44.63999938964844,0.0541188979179
0.365233459,19479.195209999998,0.329141050577,0.618304371834,74,54.36000061035156,93.7699966430664,0.10857458176200001
0.170608226,4810.552844,0.295446515083,0.558286607265,12,-99999.0,-99999.0,0.09854696172760001
0.655249071,18475.722719999998,0.429143697023,0.799551129341,23,-99999.0,-99999.0,0.14130721426200002
0.25302522,7134.422623,0.230857893825,0.428287625313,37,-99999.0,-99999.0,0.07649838341330001
0.556776953,15699.1548,0.36711797118199996,0.678928077221,28,-99999.0,-99999.0,0.12188732908500001
0.45339390700000004,14750.408969999999,0.38963624835,0.7474182248119999,42,98.18000030517578,98.5999984741211,0.13580939937300002
0.288597178,9389.024302,0.291846305132,0.542430222034,13,-99999.0,-99999.0,0.0880244470398
0.26276894300000003,8548.746061,0.25024047493900003,0.473862797022,12,-99999.0,-99999.0,0.0876878342307
0.213327837,6469.07261,0.237784326077,0.455347239971,11,-99999.0,-99999.0,0.07989598249919999
0.250299487,7590.2216069999995,0.284229367971,0.535957574844,11,-99999.0,-99999.0,0.0979710279977
0.237191094,7192.715351000001,0.315613478422,0.570607960224,10,-99999.0,-99999.0,0.0997922489898
0.550760434,18421.73261,0.39310503005999997,0.748664557934,23,-99999.0,-99999.0,0.133556751939
0.464194568,15526.293619999999,0.259943962097,0.477849841118,17,-99999.0,-99999.0,0.0897116310421
0.186697862,6244.635372,0.267041563988,0.501273214817,4,-99999.0,-99999.0,0.08619496603499999
0.694522704,23838.38259,0.263459295034,0.488792330027,25,-99999.0,-99999.0,0.0865907881742
0.43123943200000003,14113.66164,0.390512347221,0.7238656282420001,29,-99999.0,-99999.0,0.122299755404
0.209512631,6856.95732,0.18233461678,0.346281826496,27,-99999.0,-99999.0,0.0616383327999
0.242886705,7949.228492,0.419776767492,0.7891681194310001,25,-99999.0,-99999.0,0.133557718419
0.237422877,7770.407596999999,0.330660164356,0.615380048752,21,-99999.0,-99999.0,0.11208190957900001
0.504482427,16559.425430000003,0.36952200531999996,0.691342711449,33,-99999.0,-99999.0,0.122625580668
0.45404321200000003,14903.779209999999,0.326493084431,0.616587638855,19,-99999.0,-99999.0,0.106799205272
0.572120497,18176.14132,0.386316537857,0.704968094826,28,-99999.0,-99999.0,0.129033405537
0.361974171,11499.83915,0.38006249070200004,0.711905360222,18,-99999.0,-99999.0,0.125008814508
0.264464211,8401.969352,0.425215154886,0.783394813538,13,-99999.0,-99999.0,0.137819754143
0.358145269,11152.74465,0.310084909201,0.577901303768,22,-99999.0,-99999.0,0.107856234461
0.134037457,4173.964203,0.230929508805,0.438812851906,6,-99999.0,-99999.0,0.0718253246239
0.305406475,9510.443739,0.44028341770199997,0.834141016006,23,-99999.0,-99999.0,0.146787488119
0.17473032300000002,5441.151519,0.247509077191,0.481443196535,10,-99999.0,-99999.0,0.09037841048760001
0.222818291,6938.6244,0.320523411036,0.586525261402,12,-99999.0,-99999.0,0.110970532225
0.28709716399999996,8940.286628,0.336888551712,0.632665336132,20,-99999.0,-99999.0,0.11110163248199999
0.41453679299999996,13397.339609999999,0.276055604219,0.510900855064,22,-99999.0,-99999.0,0.09461560989250001
0.42355985700000004,13688.95436,0.261296123266,0.497885227203,23,-99999.0,-99999.0,0.0867874588646
0.298390508,9880.962348000001,0.367126375437,0.6714298129080001,20,-99999.0,-99999.0,0.119838919427
0.306618058,10153.411059999999,0.323814421892,0.602515697479,14,-99999.0,-99999.0,0.104945096436
0.491865416,16287.72875,0.357283741236,0.670557439327,38,-99999.0,-99999.0,0.120602612183
0.34828493899999996,11456.94873,0.341911703348,0.629507064819,27,-99999.0,-99999.0,0.112417662644
0.26874797,8840.553717,0.345613718033,0.651025056839,17,-99999.0,-99999.0,0.11702931431199999
0.17798027100000002,5854.720115,0.41127714514700003,0.7530096769329999,20,-99999.0,-99999.0,0.134242056532
0.40421514399999997,13296.79139,0.36514151096299996,0.696186602116,31,-99999.0,-99999.0,0.11948188984899999
0.573088476,19078.44131,0.366798758507,0.687875390053,47,-99999.0,-99999.0,0.119313006264
0.429107464,14285.23155,0.296999186277,0.556536316872,23,-99999.0,-99999.0,0.0967256472785
0.596722455,19175.42976,0.289784640074,0.537493228912,42,-99999.0,-99999.0,0.09556914518660002
0.45407101200000005,14591.384530000001,0.263283938169,0.49038478732100005,29,-99999.0,-99999.0,0.086893711828
0.256739335,8424.56388,0.271440118551,0.502728164196,20,-99999.0,-99999.0,0.08878397938799999
0.12594550699999998,4132.736287,0.295334428549,0.540160775185,13,-99999.0,-99999.0,0.09755909738949999
0.22206961,7286.922398000001,0.281122893095,0.520166814327,15,-99999.0,-99999.0,0.0900339730414
0.331621958,11286.3785,0.296322673559,0.553438186646,22,-99999.0,-99999.0,0.0976236993648
0.25975792600000003,8840.567409000001,0.29416671395300004,0.563668012619,17,-99999.0,-99999.0,0.09748220906419999
0.209348747,7124.947956999999,0.358221024275,0.660589635372,16,-99999.0,-99999.0,0.114899557362
0.485687076,16471.35309,0.31014052033399997,0.573792040348,26,-99999.0,-99999.0,0.0996483465933
0.45519743700000004,15437.34241,0.36618492007299996,0.689445137978,31,-99999.0,-99999.0,0.11375655628900001
0.47031021100000003,14615.92775,0.264861941338,0.485685884953,30,-99999.0,-99999.0,0.0914563563685
0.43688461700000003,13577.15366,0.35941290855400004,0.673669397831,26,-99999.0,-99999.0,0.118669121259
0.280407363,9433.777134,0.23278079926999998,0.42606729269,17,-99999.0,-99999.0,0.0763324303219
0.261631806,8802.108919,0.269517272711,0.510318219662,14,-99999.0,-99999.0,0.0917282045562
0.127090475,4275.719449,0.171586513519,0.313141912222,10,-99999.0,-99999.0,0.0584296289723
0.214842515,7534.122336,0.348751991987,0.646513700485,13,-99999.0,-99999.0,0.112197051059
0.161904079,5677.6710729999995,0.22125454246999998,0.41843113303199997,9,-99999.0,-99999.0,0.0773787563859
0.257859932,9042.662099,0.309812098742,0.576478660107,16,-99999.0,-99999.0,0.101203212856
0.599266052,18771.74793,0.46357861161200004,0.871503651142,49,-99999.0,-99999.0,0.150504192198
0.19467984600000002,6098.261352,0.435645669699,0.8098233938220001,35,-99999.0,-99999.0,0.135034118946
0.482861242,15125.417919999998,0.390698105097,0.722952067852,76,0.0,0.0,0.129999718908
0.193344763,6461.882568999999,0.228641793132,0.420056462288,22,-99999.0,-99999.0,0.07476183414939999
0.362892775,12128.44075,0.271032691002,0.502369403839,33,-99999.0,-99999.0,0.08731512648769998
0.42796053700000003,14213.954719999998,0.337183475494,0.6242068409920001,26,-99999.0,-99999.0,0.10996169843499999
0.48826269200000005,16216.78449,0.327177911997,0.604223072529,43,-99999.0,-99999.0,0.104890797043
0.384335346,12765.02092,0.420030742884,0.785078763962,30,97.3000030517578,99.37999725341795,0.128967112672
0.301256302,10778.79431,0.255383074284,0.479637116194,19,-99999.0,-99999.0,0.0856396817235
0.20041701,7170.816731,0.2489554286,0.470935672522,14,-99999.0,-99999.0,0.08856933900010001
0.140098578,5012.6544969999995,0.171060368419,0.31213322281800004,9,-99999.0,-99999.0,0.0620833823178
0.267333526,9565.054976000001,0.24890571832699998,0.46493726968800003,17,-99999.0,-99999.0,0.0849989469479
0.463497379,17804.372519999997,0.363139718771,0.678671896458,35,-99999.0,-99999.0,0.12178498437100001
0.237168475,9110.377047,0.27935877442400003,0.5112516283990001,17,-99999.0,-99999.0,0.0903156956927
0.380697678,14623.779059999999,0.28574082255399996,0.540683150291,31,-99999.0,-99999.0,0.0975058847375
0.326506507,12542.128040000001,0.25899964571,0.491907328367,22,-99999.0,-99999.0,0.08934332144369998
0.345360847,13681.687780000002,0.270501971245,0.506810843945,34,-99999.0,-99999.0,0.0903734116267
0.298729065,11834.340320000001,0.326365917921,0.601248621941,22,-99999.0,-99999.0,0.114438182045
0.46814859200000003,17648.80048,0.272137373686,0.512480854988,55,-99999.0,-99999.0,0.0893379441794
0.183370767,8109.519973,0.15524917841,0.284578979015,16,-99999.0,-99999.0,0.0565688782749
0.275103064,12166.34884,0.223258331418,0.413902997971,49,-99999.0,-99999.0,0.07436854870239999
0.2731794,12081.275370000001,0.208641394973,0.385283857584,31,-99999.0,-99999.0,0.07367749112710001
0.17316142699999998,6105.3607950000005,0.156293720007,0.28929451108000004,55,21.920000076293945,56.61999893188477,0.050534669026499994
0.23821511199999998,8399.036865,0.23108430206799999,0.424211800098,36,14.119999885559082,53.63000106811523,0.0725458085489
0.5109402510000001,20198.14439,0.39450350403800005,0.7332376837729999,87,-99999.0,-99999.0,0.128695746749
0.359312134,14204.084219999999,0.355231016874,0.661910653114,79,35.63999938964844,69.88999938964844,0.11784145991699999
1.1949386659999999,37603.13081,0.590969204903,1.11518681049,119,90.36000061035156,97.69000244140624,0.195501959822
1.718271062,54071.705429999995,0.719510734081,1.32922828197,219,93.95999908447266,98.41999816894531,0.21584721880899999
0.47806302700000003,15909.16954,0.240819945931,0.44828289747199995,93,-99999.0,-99999.0,0.08013675391210001
0.14471468699999998,4815.872317,0.23979093134399998,0.445285022259,37,-99999.0,-99999.0,0.0800909803742
0.241745154,8044.890426000001,0.330371558666,0.6264653801919999,15,-99999.0,-99999.0,0.109175718978
0.19584494300000002,6517.405106,0.250679075718,0.44874295592299995,11,-99999.0,-99999.0,0.0799534262458
0.713595832,33939.62767,0.349574238062,0.656251549721,321,21.280000686645508,60.36999893188477,0.114932136372
0.151190937,7190.854933,0.238934114575,0.444400042295,245,37.70000076293945,86.36000061035156,0.07968006216830001
0.327884135,15594.63349,0.38992610573799996,0.728944242001,128,-99999.0,-99999.0,0.127575800769
0.47714860299999995,17669.50495,0.39870086312299996,0.747841596603,132,22.1299991607666,57.5,0.130078215103
0.700152298,25927.655280000003,0.397030234337,0.736706316471,59,-99999.0,-99999.0,0.131785748441
0.366102883,13557.32086,0.353526473045,0.651847720146,45,25.149999618530273,55.65999984741211,0.112945220917
0.314923958,11662.09102,0.27511203289,0.5092221498489999,90,25.239999771118164,79.2699966430664,0.0887959600739
0.250590782,15828.87714,0.48123049736,0.899004042149,98,28.25,71.33000183105469,0.153526369319
0.41374231,26134.54548,0.164856985211,0.304950892925,41,21.07999992370605,50.790000915527344,0.0541639501005
0.28633994100000004,18087.017030000003,0.360052257776,0.669466137886,91,36.97000122070313,74.37999725341797,0.119037038212
0.364964247,13095.87922,0.296763092279,0.554503679276,107,49.45000076293945,92.86000061035156,0.0990423175125
0.64030237,22975.736869999997,0.394735574722,0.732378304005,103,81.37999725341797,91.83000183105469,0.126322329308
0.421038295,15107.96744,0.341889023781,0.645642638206,55,41.11999893188477,76.5,0.1185233582
0.830125289,29787.09062,0.350219130516,0.6535497307779999,119,57.47000122070313,75.88999938964844,0.11675599029200001
1.7104677590000001,57995.6622,0.7055286765100001,1.31198585033,614,80.9000015258789,95.6500015258789,0.223694050376
0.5879364189999999,19934.75865,0.347029924393,0.646727561951,77,65.23000335693361,73.22000122070312,0.115179860069
1.961798416,68434.52852,0.886015951633,1.6426674127599998,760,82.7300033569336,94.37999725341795,0.267837499044
1.19830361,41801.10552,0.487349718809,0.908203125,189,75.19000244140625,92.7699966430664,0.155536468495
0.8363577759999999,28934.583580000002,0.317100971937,0.589029312134,174,63.47999954223633,89.30000305175781,0.10552212783600001
0.502473368,17715.32618,0.299965649843,0.556680798531,87,52.52000045776367,78.63999938964844,0.100340365834
0.581575999,20504.18825,0.20397885143800001,0.377386003733,140,60.099998474121094,89.83000183105469,0.0672410711534
0.486343155,14922.56777,0.122765660286,0.226072832942,133,15.970000267028807,59.29999923706055,0.0418400697666
2.098814527,81645.79947,0.715544044971,1.3354808092100001,723,68.45999908447266,88.3499984741211,0.222850977502
1.3596626719999998,51015.83628,0.84184640646,1.5722544193299999,740,93.8000030517578,96.91000366210938,0.260629025223
2.786321757,104545.4417,0.776837289333,1.4497705697999999,1540,79.16000366210938,94.81999969482422,0.24412905552900002
1.182488347,42286.44154,0.627332031727,1.17165410519,918,69.47000122070311,90.87999725341795,0.199374919008
3.0048074110000003,107453.5857,0.625674903393,1.1648799181,1675,59.2400016784668,92.5999984741211,0.19921411795400001
0.8155221309999999,29163.5254,0.7319490313529999,1.3629181385,236,78.9800033569336,93.68000030517578,0.228328286655
0.948529435,32430.7981,0.6827291846279999,1.2750375270799998,281,53.099998474121094,87.41000366210938,0.202357029187
0.674984935,23078.14532,0.33587500453,0.623096346855,39,52.31000137329102,76.63999938964844,0.10422792027000001
2.030741997,69432.30356,0.6534538865089999,1.2140139341399998,544,67.26999664306639,91.0199966430664,0.195635530653
1.0625122,36327.93812,0.504586338997,0.940187871456,165,49.9900016784668,85.86000061035156,0.154937609101
0.673458282,22640.92041,0.557854413986,1.0448727607700001,463,61.61000061035156,90.0199966430664,0.17092866499899997
2.7440026889999998,92250.32671000001,0.4590955078600001,0.856375157833,655,57.790000915527344,93.04000091552734,0.140779267853
2.07449657,69742.27362,0.6802746653560001,1.26549124718,693,77.05999755859375,96.69000244140624,0.20273001852000003
1.34356583,48533.82315,0.738690376282,1.3809514045700002,729,74.04000091552734,93.16000366210938,0.232212408264
1.783421353,64422.787939999995,0.637108385563,1.18487119675,460,76.08000183105469,96.20999908447266,0.201645132104
0.890881571,32181.44406,0.627082049847,1.16713631153,344,53.0099983215332,86.4000015258789,0.19807466938999999
0.7663534909999999,27683.098189999997,0.544389903545,1.01131546497,736,65.73999786376953,87.4000015258789,0.174988470247
1.055244316,36459.97006,0.858442783356,1.6056448221200001,174,99.76000213623048,99.91999816894531,0.2592345243
0.317826889,10981.30422,0.408828496933,0.7680804729459999,19,-99999.0,-99999.0,0.137006276385
1.3766629280000002,44712.54798,0.450841903687,0.8403798937800001,93,-99999.0,-99999.0,0.147145972888
0.8488780779999999,30971.25035,0.5388005971909999,1.0008774995799998,60,-99999.0,-99999.0,0.169052321082
0.745881295,27213.42075,0.509945392609,0.951203405857,83,-99999.0,-99999.0,0.164989200532
0.525057145,17386.81814,0.433828830719,0.8055837750429999,37,-99999.0,-99999.0,0.133047102332
0.494401576,16371.693080000001,0.49725618958499995,0.931379377842,30,-99999.0,-99999.0,0.148521118751
1.090682406,36117.01474,0.5974664092059999,1.1193052530299998,103,-99999.0,-99999.0,0.186817952225
0.581452972,18298.359119999997,0.5469724535939999,1.02037894726,59,-99999.0,-99999.0,0.172746569428
0.875501125,27552.07173,0.5913746953010001,1.1017112731899998,69,-99999.0,-99999.0,0.188227450022
1.075168116,33835.60363,0.514040410519,0.959477484226,74,-99999.0,-99999.0,0.167650027486
0.401369951,12442.001970000001,0.613206446171,1.13770461082,56,76.47000122070312,96.93000030517578,0.18732916518599999
0.364717102,11305.80625,0.439189791679,0.8182161450390001,27,-99999.0,-99999.0,0.137203913314
0.7946331109999999,24600.035930000002,0.631638050079,1.16738128662,100,-99999.0,-99999.0,0.197316373714
0.43866559,13580.09094,0.494882076979,0.932324767113,35,-99999.0,-99999.0,0.158291823365
0.583674839,18069.24815,0.453260421753,0.847365856171,31,-99999.0,-99999.0,0.144010090906
0.556793683,16768.51885,0.5125324726100001,0.969819486141,47,-99999.0,-99999.0,0.159872257548
0.40044759,12059.965329999999,0.288657337427,0.547891080379,28,-99999.0,-99999.0,0.0960839793908
0.629045193,24433.72829,0.530618131161,0.9855480194089999,121,41.36000061035156,95.7300033569336,0.167378241796
0.247161088,9600.365778,0.326129198074,0.592246294022,13,-99999.0,-99999.0,0.10813251321499999
0.328473275,12758.73806,0.34865811467200003,0.636072337627,18,-99999.0,-99999.0,0.11855897699100001
0.350497131,13614.20071,0.27427542209600003,0.5088386535639999,61,-99999.0,-99999.0,0.0934894591337
0.77330059,25149.196930000002,0.406671255827,0.7430182099339999,51,-99999.0,-99999.0,0.13946879115
0.416453124,13543.84281,0.521946310997,0.973180055618,40,-99999.0,-99999.0,0.16521645534399998
0.21670984399999998,5343.466998,0.262464106083,0.490145027637,9,-99999.0,-99999.0,0.08726354705489998
0.657109972,16202.5194,0.6574270129199999,1.23382234573,132,78.80999755859375,89.11000061035156,0.203704137976
0.88569002,23252.23621,0.772848427296,1.43372607231,75,-99999.0,-99999.0,0.23436733008400001
0.765716637,20102.54571,0.312615960836,0.562182307243,17,-99999.0,-99999.0,0.102337268203
2.186865419,57412.31141,0.525484144688,0.9749796390530001,79,-99999.0,-99999.0,0.164499444044
0.658957718,20110.64586,0.648646950722,1.2164710760100002,45,-99999.0,-99999.0,0.196195051354
0.555811241,16962.7318,0.603960394859,1.14901089668,35,-99999.0,-99999.0,0.197487439066
1.121629851,34230.8772,0.7680251598360001,1.4274628162399998,135,-99999.0,-99999.0,0.23263737318000002
0.7936904220000001,24222.53594,0.49175691604599997,0.9197875857350001,39,-99999.0,-99999.0,0.159346354573
1.9719302269999999,42224.14999,0.684441030025,1.26491677761,116,-99999.0,-99999.0,0.207662200577
1.055800895,22607.44054,0.773852348328,1.44423449039,201,94.25,98.23999786376952,0.235672198895
0.5575511129999999,20344.52151,0.6463944315910001,1.20291149616,40,-99999.0,-99999.0,0.201979136926
0.764133526,27882.5216,0.776233255863,1.44443464279,103,-99999.0,-99999.0,0.23705887925299998
0.47572805100000004,17358.874069999998,0.7073506712909999,1.30745708942,83,-99999.0,-99999.0,0.221467541107
0.6780394120000001,24741.02748,0.717935264111,1.33159518242,87,-99999.0,-99999.0,0.22313098834000003
0.36780668200000005,11778.242479999999,0.447831660509,0.838420212269,16,-99999.0,-99999.0,0.13247948449000002
1.252037621,40093.89551,0.777605473995,1.44355344772,179,90.68000030517578,96.63999938964844,0.233311089005
1.7113864580000002,56795.94131,0.696107327938,1.3016580343200002,189,91.13999938964844,98.31999969482422,0.216494286555
0.243055464,7930.726295999999,0.245653048158,0.440168529749,14,-99999.0,-99999.0,0.08214329060839999
0.618888016,20193.874209999998,0.515053808689,0.949244201183,46,-99999.0,-99999.0,0.164291923672
0.666968224,22515.48272,0.532960474491,0.985586822033,60,-99999.0,-99999.0,0.170792663827
0.5953782870000001,20098.75291,0.6392491459849999,1.18568480015,77,-99999.0,-99999.0,0.198743851646
0.561801142,18694.55013,0.371826410294,0.698893368244,43,-99999.0,-99999.0,0.119345476299
0.50595645,16836.25665,0.319772601128,0.595663130283,43,-99999.0,-99999.0,0.104804633422
0.40413730700000006,14038.74216,0.5229564309120001,0.970785558224,27,-99999.0,-99999.0,0.167836649879
0.286943534,9967.716953000001,0.373211026192,0.699226140976,17,-99999.0,-99999.0,0.114719107625
0.145134607,5041.621468,0.308309853077,0.5795093774800001,19,-99999.0,-99999.0,0.10105191393999999
0.22001863100000002,7360.765387,0.26532605290399996,0.488061875105,10,-99999.0,-99999.0,0.08724376855799999
0.20262026,6778.699581,0.298805326223,0.546332895756,9,-99999.0,-99999.0,0.0958143668732
0.147785456,4944.190719,0.294045418501,0.560409903526,13,-99999.0,-99999.0,0.0992669846857
0.242856247,7838.0308159999995,0.272317796946,0.492558926344,23,-99999.0,-99999.0,0.08668251769369999
0.21433940399999998,6917.667854,0.302849262953,0.557956457138,27,-99999.0,-99999.0,0.10137766929099999
1.503430765,46635.799380000004,0.602058529854,1.1297456026100001,143,49.11000061035156,78.47000122070312,0.191310248268
0.619462749,35836.974819999996,0.744809925556,1.3893992900799998,110,-99999.0,-99999.0,0.229046588141
0.45671599700000004,26421.79791,0.67384904623,1.2390617132200001,89,-99999.0,-99999.0,0.20767694642200002
0.379928847,21979.53202,0.66995716095,1.24473536015,82,-99999.0,-99999.0,0.207991423783
0.1128457,3679.578626,0.287495225668,0.539615631104,19,-99999.0,-99999.0,0.0967674472051
0.289540433,9441.093363,0.357306838036,0.635793924332,25,-99999.0,-99999.0,0.11344317430600001
0.19137553699999998,6240.214188,0.384803146124,0.7029795646670001,16,-99999.0,-99999.0,0.125424337301
0.376796445,12932.2418,0.228714868426,0.427229702473,44,-99999.0,-99999.0,0.07792262295739999
0.291287558,8433.130633,0.274618387222,0.489112943411,10,-99999.0,-99999.0,0.090220638132
0.783462856,22682.20675,0.7679640650749999,1.4367709159900002,153,-99999.0,-99999.0,0.236532974063
0.20065644800000002,6490.6854140000005,0.34076139330899996,0.631156980991,12,-99999.0,-99999.0,0.10634232738
0.216154116,6991.9924439999995,0.333000689745,0.605217814445,15,-99999.0,-99999.0,0.10992211854699999
0.11013963,3562.7147609999997,0.222542002797,0.412234812975,10,-99999.0,-99999.0,0.0671656029311
0.516948038,16879.49026,0.362334132195,0.672684371471,32,-99999.0,-99999.0,0.123619015692
0.39271798,12823.10565,0.392805069685,0.738712012768,33,-99999.0,-99999.0,0.128556729551
0.22007471899999997,7889.645262000001,0.152296543121,0.285223335028,99,-99999.0,-99999.0,0.0522966750053
0.649882275,20575.474130000002,0.250825881958,0.469319492579,42,-99999.0,-99999.0,0.0806698525235
0.22363725,8232.291018,0.173567250371,0.318827450275,21,-99999.0,-99999.0,0.058803296203199996
0.305711778,11253.52922,0.153662756085,0.283355951309,19,-99999.0,-99999.0,0.0539084972882
0.191323076,7042.776832,0.159336224198,0.304673433304,24,-99999.0,-99999.0,0.052999635727699994
0.251193383,8322.419113,0.22262482345100001,0.41730353236199996,48,-99999.0,-99999.0,0.0731100675781
0.097056585,3215.632389,0.0907049179077,0.169233381748,63,-99999.0,-99999.0,0.030831865164799997
0.32267429999999997,9807.034942,0.220384463668,0.401143908501,113,-99999.0,-99999.0,0.0728307047746
1.221950314,48411.578089999995,0.634434521198,1.17586946487,115,80.56999969482422,91.4000015258789,0.20194670781100002
1.661749652,65835.70127,0.644969522953,1.20613539219,229,-99999.0,-99999.0,0.200733053769
0.412715056,16351.0635,0.427035540342,0.783705413342,35,-99999.0,-99999.0,0.131041909375
0.38964751299999995,19013.1315,0.14575304091,0.265338540077,34,68.77999877929689,92.1500015258789,0.0485998069879
0.9740669040000001,31398.500460000003,0.761737823486,1.4080456495299998,192,98.7699966430664,100.0,0.222461470651
1.6795176319999998,54138.309120000005,0.790495634079,1.4713566303299999,243,77.55000305175781,94.20999908447266,0.244581125422
1.0751509879999999,41526.14706,0.778997600079,1.4495360851299999,305,76.1500015258789,93.80999755859376,0.23976478689599998
0.797307475,30794.844460000004,0.958429515362,1.7832720279700003,132,83.2300033569336,91.1500015258789,0.284566039317
0.15767118300000002,4777.251001,0.221178635955,0.421107470989,12,-99999.0,-99999.0,0.07314453932239999
0.20718342899999997,6277.413686,0.17630581557799999,0.33843126893,10,-99999.0,-99999.0,0.056745016841
0.20869427899999998,6323.190735,0.213210836053,0.392464160919,10,-99999.0,-99999.0,0.0714448577689
0.422552132,13176.53463,0.407971650362,0.763308048248,36,32.810001373291016,68.37000274658203,0.128341238474
0.732195522,22832.21148,0.687110185623,1.2799394130700001,193,82.91999816894531,95.16999816894531,0.216768237936
0.45695306399999996,16391.54635,0.34203222394,0.643181622028,182,54.61999893188477,79.20999908447266,0.11611990561300001
0.25886311300000003,7979.50605,0.211057439446,0.395873755217,13,-99999.0,-99999.0,0.0672952740157
0.7931951970000001,24450.397230000002,0.30264523625399997,0.565044164658,175,39.33000183105469,76.12999725341797,0.10022475256300001
0.15462589,5908.942370000001,0.17645561695099998,0.325519859791,20,-99999.0,-99999.0,0.05824887393540001
0.143140076,5470.018358,0.172006011009,0.320281565189,9,-99999.0,-99999.0,0.0562243259366
0.279442736,10678.74871,0.205284819007,0.38575348258000003,61,-99999.0,-99999.0,0.06946551998869999
0.237341312,9069.866221,0.17031235992899998,0.319218426943,28,-99999.0,-99999.0,0.057249413446899995
0.314751672,10383.8838,0.16645781695800002,0.309946805239,90,69.68000030517578,90.66999816894531,0.0571766399378
0.289519255,9551.448252,0.252669543028,0.46046224236500005,22,-99999.0,-99999.0,0.0772113023167
0.68607923,22634.24675,0.56859600544,1.0608384609200001,192,82.73999786376953,99.88999938964844,0.18499596278799998
0.41284196100000004,14122.55299,0.333495736122,0.618732571602,85,48.0,62.0099983215332,0.10815128522600001
0.34115912600000003,11670.41699,0.228535488248,0.424721509218,56,22.489999771118164,54.15999984741211,0.0779628046053
0.270997738,9270.326879,0.19123621285,0.35123109817500003,19,-99999.0,-99999.0,0.0686865312229
0.122915455,4204.708314,0.10508712381100001,0.189310625196,7,-99999.0,-99999.0,0.0382636642264
0.142399679,4871.2272490000005,0.128430813551,0.24242353439300002,6,-99999.0,-99999.0,0.046195873647300004
0.23939268100000002,8169.745440000001,0.23861442506299999,0.439121633768,21,23.899999618530273,76.12000274658203,0.0830718649901
0.234914972,8016.9348390000005,0.193338528275,0.36854782700499994,15,-99999.0,-99999.0,0.0645865932113
0.13900551,4743.836029,0.155325710773,0.294381409883,9,12.579999923706055,79.5999984741211,0.05345210128740001
0.167109468,5702.938828,0.162750735879,0.302503705025,22,-99999.0,-99999.0,0.057100283522100004
0.277073061,9579.803528,0.165366142988,0.305201768875,19,-99999.0,-99999.0,0.0563703426676
0.281156169,9720.977029000001,0.193364605308,0.357027500868,24,-99999.0,-99999.0,0.067316056107
0.407358956,14084.4395,0.308538109064,0.57429677248,36,-99999.0,-99999.0,0.103155704672
0.15348167199999999,5306.630157,0.17673321068300002,0.32535135746,10,-99999.0,-99999.0,0.060437202444
0.284365155,9681.036092,0.211434051394,0.39866274595299994,18,-99999.0,-99999.0,0.0728562906626
0.7242586520000001,24656.93849,0.36142709851300003,0.674358308315,186,62.13000106811523,80.56999969482422,0.121511704104
0.9963793440000001,36585.02858,0.48353192210199997,0.902618587017,507,59.72999954223633,88.75,0.154887283819
1.4831744569999998,54459.15779,0.316363304853,0.588053286076,577,22.149999618530273,80.0999984741211,0.104176239541
0.684071427,26578.43573,0.449556589127,0.835672140121,156,24.81999969482422,57.790000915527344,0.142659264395
1.011319388,39293.10054,0.463155597448,0.8645604252820001,241,31.68000030517578,81.26000213623047,0.147100087508
0.821448483,29690.00972,0.44987645745300003,0.8366169333460001,1175,49.31000137329102,82.22000122070312,0.147596821154
1.1369955390000002,42811.34842,0.612357258797,1.13991951942,448,61.540000915527344,84.55000305175781,0.192607125024
1.4248464790000002,53649.81388,0.5265827775,0.9807561635969999,489,44.150001525878906,79.52999877929688,0.16855420512400002
0.704452463,26524.782909999998,0.65742713213,1.2256860733,480,63.81000137329102,84.97000122070312,0.207998094844
1.145494847,43131.37327,0.720819175243,1.34390544891,1552,77.7300033569336,93.70999908447266,0.226878757662
0.42056128200000004,15825.74665,0.42124286294,0.786925196648,54,-99999.0,-99999.0,0.134426676948
0.781990935,29426.36652,0.421198606491,0.783358573914,86,-99999.0,-99999.0,0.133810495095
0.43307879899999996,16296.78159,0.470806509256,0.881395161152,63,80.0999984741211,98.12999725341795,0.149069992071
0.594551622,21382.78094,0.48954018950499995,0.909349918365,79,47.13999938964844,83.41000366210938,0.15995459233200002
0.9482332590000001,34102.78151,0.54822832346,1.02813601494,101,-99999.0,-99999.0,0.172891379518
0.588568324,21167.59435,0.40529671311399995,0.756615519524,72,49.27000045776367,70.05000305175781,0.134161023059
0.44427239,15978.05616,0.438982397318,0.818629920483,51,-99999.0,-99999.0,0.14536717994200002
0.720416042,25909.43807,0.538232147694,1.00758254528,97,67.76999664306639,86.63999938964844,0.175886452597
0.587188735,28049.41142,0.524472892284,0.980772733688,523,67.48000335693361,95.5999984741211,0.16688707402
0.509680982,24346.94457,0.364909291267,0.677860200405,84,-99999.0,-99999.0,0.116603796744
0.35252147899999997,15606.09459,0.314648330212,0.588305234909,61,7.989999771118164,89.2699966430664,0.10494709369899999
0.281168564,12447.30737,0.257920652628,0.47614714503300004,39,-99999.0,-99999.0,0.08290041190889999
0.24723354399999997,10945.00705,0.328995674849,0.6119314432140001,46,-99999.0,-99999.0,0.109019687069
0.8142295490000001,36045.86988,0.47137221694,0.8716701269149999,113,40.16999816894531,67.05000305175781,0.149016227926
0.098046479,3118.3555469999997,0.09508946537969999,0.17803008854400001,18,-99999.0,-99999.0,0.0332283399714
0.329877725,10491.72095,0.18450157344300003,0.344293475151,41,12.100000381469727,40.349998474121094,0.0595531756881
0.22257486,7078.962898000001,0.26038864255,0.47547259926799995,13,-99999.0,-99999.0,0.08656506764
0.299768384,9534.092351000001,0.35102021694200003,0.648338317871,20,-99999.0,-99999.0,0.115671544316
0.36151826,11498.03868,0.443477988243,0.830794036388,44,-99999.0,-99999.0,0.145971889052
0.57055398,18146.39109,0.40455695986699997,0.755533635616,64,-99999.0,-99999.0,0.134610566136
0.701342357,22443.09595,0.399566501379,0.751740336418,105,81.6500015258789,95.2300033569336,0.132455460973
0.735648359,23540.8949,0.296909302473,0.550012350082,55,-99999.0,-99999.0,0.0998188215309
0.455824456,14586.47395,0.42803347110699996,0.808636248112,44,25.1200008392334,92.62000274658205,0.138564994044
0.393249959,12039.52595,0.30004686117199997,0.5559090971949999,24,-99999.0,-99999.0,0.09270700427660002
0.929718533,28463.754780000003,0.46520975232100004,0.8759545683859999,81,-99999.0,-99999.0,0.149212122374
0.249498615,7638.511751999999,0.22822533547899998,0.42574161291100004,15,-99999.0,-99999.0,0.08337133496410001
0.467095264,14300.330559999999,0.263559639454,0.498622924089,33,-99999.0,-99999.0,0.0865505661365
0.309246419,10244.88075,0.31599965691599996,0.59254950285,69,49.90999984741211,85.9000015258789,0.103794809948
0.59908764,19846.89574,0.237141609192,0.44663569331200004,69,-99999.0,-99999.0,0.0779504870511
0.19180913100000002,6344.043149,0.106414526701,0.19407655298700002,27,-99999.0,-99999.0,0.0356067987259
0.23142827,7654.437123000001,0.263980418444,0.492870628834,62,89.23999786376953,97.54000091552734,0.0890837968093
0.440644611,15220.8445,0.240971252322,0.441639274359,84,100.0,100.0,0.07975902850410001
0.49083068700000004,16954.38314,0.29074302315699996,0.54695469141,44,-99999.0,-99999.0,0.09535570715029999
0.246883801,9180.28608,0.146688655019,0.26718595624,18,-99999.0,-99999.0,0.052112765016099995
0.98166351,36502.80752,0.6000664830210001,1.1029849052399998,226,80.27999877929688,97.16999816894531,0.18638842507300002
0.442291036,15831.951819999998,0.340874940157,0.639154911041,49,-99999.0,-99999.0,0.111709118173
0.45482670700000005,16280.670240000001,0.39382147789000005,0.741491436958,45,-99999.0,-99999.0,0.125347735292
0.324024611,11598.566579999999,0.33759298920599995,0.638732552528,34,-99999.0,-99999.0,0.112680466998
0.312398233,11814.18046,0.205081343651,0.37535172700900005,38,-99999.0,-99999.0,0.0663830365513
0.524566523,19837.89571,0.24569512903700003,0.453986555338,55,25.020000457763672,62.56999969482422,0.08094626353369999
0.7624405890000001,30395.32432,0.33241075277300003,0.610802054405,292,12.800000190734865,50.849998474121094,0.107951334333
0.987381425,32468.821930000002,0.41074839234399996,0.764739453793,205,40.38999938964844,80.22000122070312,0.124866050347
1.192908665,39227.33205,0.540748238564,1.00466573238,294,67.12999725341797,92.55999755859376,0.164903382849
1.3476560480000002,44248.18202,0.454090863466,0.8468882441519999,236,52.56999969482422,88.61000061035156,0.140225108441
1.0498969009999999,34471.72538,0.640016198158,1.1985913515100002,226,60.790000915527344,85.5,0.19259966977600002
1.237464898,42952.38009,0.5223123431210001,0.973991334438,357,65.65000152587889,94.9499969482422,0.159719387977
0.252497484,9501.166429,0.229241773486,0.42487514019,28,1.5700000524520874,19.270000457763672,0.0801884873141
0.9896918259999999,37240.87312,0.445606797934,0.828030407429,175,80.36000061035156,90.05999755859375,0.137284021325
0.524478089,16970.17038,0.199283286929,0.36234977841399996,29,-99999.0,-99999.0,0.06792600094569999
0.35123395700000004,11364.63121,0.223469078541,0.40959438681599997,27,-99999.0,-99999.0,0.07343418356499999
0.152038053,4919.3888369999995,0.163481011987,0.300421714783,8,-99999.0,-99999.0,0.0547203916386
0.32314359,10455.73093,0.178990468383,0.323984146118,24,22.280000686645508,84.83999633789062,0.059198117659
0.84472233,28739.7192,0.549059212208,1.03530180454,100,89.0199966430664,94.7699966430664,0.18441645334000004
1.6997115669999998,57828.74611,0.474815130234,0.889413297176,142,90.37999725341795,97.54000091552734,0.15289857446
0.843261852,31064.97423,0.327039271593,0.6041396856310001,88,75.33999633789062,90.25,0.111050764243
0.782419724,28823.607389999997,0.238370522857,0.43904706835699997,60,91.88999938964844,97.72000122070312,0.0866027496941
1.904796271,74209.0267,0.682400226593,1.2747302055399998,568,80.77999877929688,95.2699966430664,0.218428614247
1.023743495,39884.05979,0.599107921124,1.11606431007,417,75.61000061035156,94.16000366210938,0.18496107319000002
0.558946353,21182.270269999997,0.352881550789,0.657128274441,77,-99999.0,-99999.0,0.108627552781
0.38544610799999995,14599.70125,0.17880547046700002,0.328443735838,39,-99999.0,-99999.0,0.061689247686300006
0.25750425600000004,9753.594942,0.169724568725,0.315723955631,17,-99999.0,-99999.0,0.055309936382099995
1.295582495,47355.38174,0.37940871715499996,0.7056972384450001,203,43.08000183105469,76.61000061035156,0.124183228302
0.834345819,30512.36224,0.296132147312,0.548828244209,122,30.10000038146973,73.80000305175781,0.0909614619348
1.2389589570000001,48724.63774,0.584640085697,1.0906275510799999,779,51.11999893188477,90.58999633789062,0.184835570845
1.031428324,40563.063989999995,0.63822889328,1.1913502216299998,645,57.25,85.4000015258789,0.201137543254
1.446409865,58993.257020000005,0.7436601519580001,1.3843162059799998,1041,76.08999633789062,94.4000015258789,0.228103459154
0.379035439,15151.80628,0.278071254492,0.515104532242,100,5.809999942779541,66.87999725341797,0.09330358119400001
0.495918129,19824.15005,0.534671247005,0.996211111546,86,71.22000122070312,89.05000305175781,0.164665268317
0.449128112,17953.73585,0.32719758153,0.607886254787,94,41.95000076293945,84.87999725341797,0.10734688527899999
0.8167463620000001,32649.154539999996,0.620950639248,1.1527998447399999,217,52.459999084472656,83.2699966430664,0.187044369881
0.9104439609999999,33790.03735,0.652812540531,1.21929502487,275,86.37999725341797,96.08000183105469,0.203025924995
0.570825522,21185.498369999998,0.695876538754,1.30780673027,129,93.5999984741211,99.69000244140624,0.22323934730999997
0.610872614,22671.7977,0.563095271587,1.0606931448,150,53.68000030517578,92.3000030517578,0.17415911027199998
0.8759509670000001,32509.85996,0.655857980251,1.22010135651,310,89.41999816894531,99.08999633789062,0.19991646461399998
1.022988998,32365.86891,0.392442196608,0.73062646389,82,77.69999694824219,90.8000030517578,0.127907736688
0.340526276,10773.75108,0.216676428914,0.403491586447,106,29.190000534057614,79.58999633789062,0.0723363293747
0.637001091,28507.304739999996,0.39474853873300003,0.739875376225,178,91.93000030517578,97.41999816894531,0.13060077599
0.718170291,32139.818330000002,0.496760874987,0.93142169714,127,-99999.0,-99999.0,0.16089205849500002
1.798513087,74224.46222999999,0.553843855858,1.03286623955,458,58.27999877929688,97.08999633789062,0.175349200646
1.098055962,43142.17092,0.493504911661,0.9171245098109999,237,47.1500015258789,81.83999633789062,0.16080565254899998
1.011324295,39734.51912,0.448509812355,0.8352324366570001,229,75.41999816894531,93.1999969482422,0.145850484099
0.560742974,22453.92578,0.441592246294,0.82307434082,204,54.9900016784668,87.1500015258789,0.145073190706
0.514542089,20603.8959,0.382128715515,0.7106583118440001,130,0.3400000035762787,10.550000190734863,0.127234370949
0.512549649,20524.11232,0.33293390274,0.615639686584,109,15.0600004196167,70.5199966430664,0.108471273597
0.8509856179999999,27464.19083,0.8282471299169999,1.5548022985499999,244,92.51000213623048,97.73999786376952,0.255930078072
0.7102956309999999,22923.64801,0.708737850189,1.32011592388,104,92.05999755859376,95.51000213623048,0.220649797491
1.3465215519999998,43456.81536,0.556029856205,1.05682754517,71,92.5,97.08000183105469,0.18296606055999998
0.592191181,21548.391880000003,0.563527405262,1.05376195908,138,73.37999725341797,87.33000183105469,0.17578079001400002
0.6896700790000001,25095.39897,0.6426679492,1.18793666363,112,-99999.0,-99999.0,0.202454792202
0.6676227929999999,24293.15074,0.778910458088,1.45890796185,303,81.86000061035156,95.9000015258789,0.239182427164
0.56084076,20119.8084,0.5195100903509999,0.9582380056380001,94,-99999.0,-99999.0,0.165990073621
0.334715573,12007.709990000001,0.47487714886699994,0.8840853571889999,87,-99999.0,-99999.0,0.152202374838
0.6399534029999999,22957.92453,0.452903956175,0.844750404358,153,-99999.0,-99999.0,0.149073106835
0.420727587,15093.34005,0.496624857187,0.920037746429,88,40.97000122070313,59.47999954223633,0.156506554046
0.701336603,25160.00811,0.5120573043819999,0.9492516517640001,107,-99999.0,-99999.0,0.162074286254
0.595602917,20580.63633,0.464852929115,0.87742882967,51,-99999.0,-99999.0,0.149713093043
0.8445462340000001,29182.696060000002,0.545979142189,1.01998806,139,77.97000122070312,97.13999938964844,0.18064131734799999
0.695302023,23947.35969,0.351456791162,0.653642654419,66,-99999.0,-99999.0,0.11448962282
0.639798749,25963.925219999997,0.39464583993,0.7397165298459999,96,20.239999771118164,91.02999877929688,0.131542206446
0.18965610800000002,7696.509298999999,0.25690922141100003,0.469802677631,15,-99999.0,-99999.0,0.07867903144669999
0.453702074,18411.862709999998,0.40142634511,0.753225564957,52,-99999.0,-99999.0,0.136714064036
0.688740432,24921.83197,0.55470854044,1.04143345356,52,-99999.0,-99999.0,0.180616846114
0.28394881,10274.588520000001,0.299264431,0.5602196454999999,24,-99999.0,-99999.0,0.106133528742
0.642566971,23251.06141,0.624079883099,1.1629220247299998,114,53.040000915527344,93.95999908447266,0.20298412659
0.647499367,23429.538419999997,0.492186695337,0.917118608952,57,-99999.0,-99999.0,0.158071829275
0.18920375399999997,6357.533392,0.25943452119800003,0.482200503349,16,-99999.0,-99999.0,0.08221159822389999
0.37782188299999997,12695.38894,0.331071913242,0.610241472721,24,-99999.0,-99999.0,0.104939147891
0.532781201,17943.33597,0.38960292935400004,0.7165924310680001,35,-99999.0,-99999.0,0.126155940346
0.571386168,19243.498,0.324231892824,0.600499093533,39,-99999.0,-99999.0,0.111725765734
0.518073722,18632.604369999997,0.309150129557,0.575449287891,32,-99999.0,-99999.0,0.09405849745389999
0.952890295,34270.85202,0.516212761402,0.956724464893,80,-99999.0,-99999.0,0.16500002396
0.40538984299999997,13690.39594,0.47845658659900003,0.8879806995389999,33,-99999.0,-99999.0,0.14773900462200001
0.536040226,18102.582140000002,0.453742384911,0.857088565826,32,-99999.0,-99999.0,0.147993589485
2.121477256,72544.17605,0.720400631428,1.3419110775,697,62.5099983215332,91.13999938964844,0.224255243929
1.6815260319999998,57499.989760000004,0.6900827288629999,1.29240715504,495,73.44000244140625,94.2699966430664,0.21784642188
0.633155834,25166.558409999998,0.546424508095,1.01876103878,483,59.25,88.55999755859375,0.17605372537900002
0.366587647,14571.05936,0.345809131861,0.6433068513870001,1338,44.18999862670898,82.91000366210938,0.115220327785
0.704274854,22448.12362,0.424938410521,0.7966529130940001,133,93.58000183105469,99.91999816894531,0.14106704897800001
1.394214101,44439.31277,0.677485048771,1.2669901847799998,119,95.4000015258789,99.83999633789062,0.214403588951
0.523912587,17578.355919999998,0.48416745662699995,0.898667633533,48,-99999.0,-99999.0,0.15252621529899998
0.733181451,24599.76112,0.5149865746500001,0.9589561820029999,61,-99999.0,-99999.0,0.169995262465
0.595639851,19984.95466,0.522664487362,0.983266413212,39,-99999.0,-99999.0,0.163200696427
0.591861534,18944.0141,0.43901944160499995,0.8197811245919999,39,-99999.0,-99999.0,0.138463446248
0.264305893,8459.773573999999,0.329234033823,0.629423856735,30,-99999.0,-99999.0,0.110601878182
0.495431337,15857.52357,0.45400249958000005,0.866145670414,41,-99999.0,-99999.0,0.14911847172
0.6472847389999999,23006.7591,0.505334079266,0.953030943871,83,89.80999755859375,95.9000015258789,0.174837760577
1.2459351790000002,44284.89765,0.7497202754019999,1.40000188351,365,87.16000366210938,97.0999984741211,0.230756209378
1.376801256,48936.32264,0.62372559309,1.15868878365,189,82.55000305175781,93.5199966430664,0.189231491592
0.619785653,21575.80455,0.297496318817,0.55921459198,61,-99999.0,-99999.0,0.09895196831489998
0.460141735,14262.1523,0.322153657675,0.607971012592,29,-99999.0,-99999.0,0.105460405053
0.565608346,17531.10349,0.244639217854,0.46032756567,32,-99999.0,-99999.0,0.08121371485739999
0.575134258,17826.36033,0.324646860361,0.60673058033,42,-99999.0,-99999.0,0.111492248138
0.689869264,21382.58662,0.45215570926700005,0.836324632168,67,-99999.0,-99999.0,0.141116543894
1.143873293,30145.45339,0.44325736165,0.818563878536,125,56.11000061035156,75.80999755859375,0.14183776078
0.440853238,11618.17555,0.494692891836,0.9230401515960001,39,-99999.0,-99999.0,0.164194186697
0.619963087,16338.412830000001,0.6464247107509999,1.21217238903,110,-99999.0,-99999.0,0.20526494732099998
0.858826592,22633.38527,0.58242970705,1.08328974247,108,-99999.0,-99999.0,0.179511237539
0.778917057,23711.6249,0.371265858412,0.696943283081,56,-99999.0,-99999.0,0.11802867918099999
0.6697307570000001,20387.79044,0.33479848504099996,0.622252047062,39,-99999.0,-99999.0,0.11583880617100001
0.5834161760000001,19456.38239,0.38694036006899996,0.725074410439,35,-99999.0,-99999.0,0.119862301041
0.47256806,15759.69503,0.55536621809,1.03988623619,33,-99999.0,-99999.0,0.171342502193
1.13401761,37818.423930000004,0.539962112904,1.0051178932200002,90,-99999.0,-99999.0,0.16874007764
0.123931944,3853.1605299999997,0.284840166569,0.526668965816,31,-99999.0,-99999.0,0.0959848372655
0.41027150700000004,12755.726490000001,0.402371019125,0.746827423573,37,-99999.0,-99999.0,0.13671166163100001
0.406871077,12650.003929999999,0.271145790815,0.48544421792,41,-99999.0,-99999.0,0.0871150075447
0.502533052,9540.987313,0.27428832650199997,0.503905057907,25,-99999.0,-99999.0,0.0847981821663
0.8785049429999999,16679.110930000003,0.411882549524,0.774994730949,63,-99999.0,-99999.0,0.134681589187
1.429003355,27130.758530000003,0.378768086433,0.699633598328,54,-99999.0,-99999.0,0.124922420842
0.434545389,16167.61045,0.44419872760799994,0.837699651718,34,-99999.0,-99999.0,0.14513169813100002
0.257964663,9597.782604,0.294778227806,0.5469430089,35,55.61999893188477,73.04000091552734,0.0972251560815
0.582307523,21665.21937,0.426696658134,0.7939394116399999,57,-99999.0,-99999.0,0.138475102844
0.167253339,6222.794493,0.211738824844,0.39576506614699997,18,-99999.0,-99999.0,0.07361326956160001
0.583565329,21114.701109999998,0.241087496281,0.448699176311,244,48.90999984741211,85.70999908447266,0.08067917006789999
0.757386795,27920.60734,0.262882530689,0.491225540638,53,37.72999954223633,74.61000061035156,0.08915228859230001
0.313004392,11538.71739,0.250036716461,0.465587317944,63,-99999.0,-99999.0,0.0838648682933
0.19928556100000003,6310.804152000001,0.235600158572,0.44156590104099996,17,24.81999969482422,72.69000244140625,0.07722947486710001
0.533248366,16886.45166,0.230692148209,0.435042589903,57,44.4900016784668,75.38999938964844,0.07618953875239999
0.6300144910000001,17592.25706,0.23257087171100002,0.433203488588,154,41.599998474121094,76.72000122070312,0.0803537906297
0.166776053,4656.983944,0.179074749351,0.335081905127,18,-99999.0,-99999.0,0.0622562978072
0.635794474,22386.36997,0.316789358854,0.585688889027,409,32.830001831054695,72.54000091552734,0.1042126328
0.9888686590000001,42982.85679,0.600980997086,1.12251794338,463,48.13999938964844,84.83999633789062,0.190864671761
0.4207866,14695.505290000001,0.40435230732,0.7510497570039999,919,39.86999893188477,70.01999664306639,0.133466582944
1.2415692040000001,43360.427339999995,0.687663972378,1.2818661928200001,1256,72.69999694824219,95.36000061035156,0.218402825526
0.17954855600000003,7384.85456,0.13728983700300001,0.254034101963,79,39.45000076293945,79.06999969482422,0.047112988072800004
0.505062653,16908.99179,0.323344528675,0.603070855141,507,36.7599983215332,86.33000183105469,0.10726738268
2.2590235730000003,99190.23434,0.7720160484309999,1.4400551319100001,3910,76.04000091552734,92.4000015258789,0.239936259573
0.571740768,17765.26416,0.46117570996299995,0.851070046425,111,30.40999984741211,57.06999969482422,0.145769685771
0.7622309559999999,28290.764789999997,0.539965927601,1.00639486313,425,59.41999816894531,94.4800033569336,0.174478059899
0.963990074,35779.20347,0.760882139206,1.41830456257,772,48.209999084472656,91.38999938964844,0.23563594519099998
1.03883898,38557.27129,0.679365575314,1.26675629616,713,72.41000366210938,93.08000183105469,0.21482621174000002
0.7092796020000001,25236.62214,0.530997395515,1.00342905521,76,76.0199966430664,99.47000122070312,0.155786557818
0.7821929870000001,27830.927030000003,0.41215848922700005,0.7681559920309999,138,31.63999938964844,69.19000244140625,0.136859005659
0.736264703,26196.76932,0.411778897047,0.7651212811470001,150,61.06999969482422,91.7699966430664,0.135426809295
0.904921368,32197.68137,0.700013935566,1.3051223754899999,309,62.18999862670898,88.37999725341797,0.219163061468
0.451529543,16520.21078,0.4590040147300001,0.855791211128,229,53.2599983215332,93.5,0.152400377114
0.36381881200000005,13311.11801,0.307470232248,0.571118593216,359,23.290000915527344,61.75,0.10209561592800001
1.8008605969999998,65888.48812000001,0.459139466286,0.8540628552439999,1357,59.61999893188477,94.83000183105469,0.15018072208
0.414831757,19037.0219,0.5459066033359999,1.01231360435,74,-99999.0,-99999.0,0.16797890555599998
0.686439595,31501.362419999998,0.5919108390810001,1.11310315132,188,-99999.0,-99999.0,0.185604100982
0.23961126100000002,7811.7551459999995,0.267265975475,0.49749618768700005,642,56.31000137329102,90.22000122070312,0.09150036493730002
0.696326298,22701.481180000002,0.33219763636599997,0.62803196907,64,93.06999969482422,99.93000030517578,0.114073115128
0.201429551,6566.963199,0.205594971776,0.386955797672,52,18.690000534057614,77.87000274658203,0.0710957115272
0.445690746,12610.30559,0.643693208694,1.18386280537,146,80.4000015258789,90.58999633789062,0.199285789031
0.36444276,10311.48755,0.174668326974,0.325098991394,44,0.0,0.0,0.0574908978916
0.30912000100000003,8746.193895999999,0.25207188725499996,0.459167331457,19,-99999.0,-99999.0,0.0839879034098
0.32597709999999996,11155.21225,0.290506154299,0.541610240936,37,-99999.0,-99999.0,0.09693293012839999
0.317835529,10876.6008,0.31947949528700004,0.593684136868,31,-99999.0,-99999.0,0.10421921701400001
0.0001548,4.687211179,0.0680207684636,0.127626955509,58,4.2199997901916495,18.07999992370605,0.0241330551288
0.8859511640000001,31498.462069999998,0.464979857206,0.860202312469,197,58.72999954223633,86.44999694824219,0.166540143503
0.848736692,26020.01372,0.481337100267,0.897040486336,174,48.41999816894531,78.30999755859375,0.170874761052
0.736842544,22622.21355,0.571359574795,1.0701575279200002,318,58.25,90.3000030517578,0.202464326779
0.09110173699999999,2796.965206,0.0619288571179,0.11601537465999998,7,37.72000122070313,75.47000122070312,0.024150353358400004
1.068475632,32803.88375,0.570275366306,1.03674936295,66,82.75,98.01000213623048,0.19638056482400001
2.2924861180000002,70382.8938,0.6815817952159999,1.2728340625799999,1558,66.23999786376953,90.16999816894531,0.236480072456
2.197507894,64807.57602000001,0.5545526146890001,1.0288888216,530,70.56999969482422,91.97000122070312,0.198352584881
2.084298093,61468.860929999995,0.557073354721,1.04141247272,700,58.90999984741211,86.88999938964844,0.20091997102
1.6428374019999998,49640.59944,0.537653446198,1.01269626617,347,71.91999816894531,95.58999633789062,0.200503375959
1.5688338730000002,47404.48067,0.728520393372,1.3626208305399998,608,69.58999633789061,91.2699966430664,0.262332645213
1.1006721000000002,33258.32658,0.37054345011699996,0.6890125274660001,153,55.06000137329102,86.16999816894531,0.138914687451
0.268513561,9314.256078,0.205478131771,0.384477227926,139,-99999.0,-99999.0,0.08099650454599999
3.028505893,103263.4812,0.8195514082909999,1.52824294567,3829,79.75,95.33999633789062,0.264296044315
2.028589588,61659.46901,0.8493909835819999,1.5833604335799998,6685,80.5199966430664,93.7300033569336,0.29424869491300004
2.790735465,85517.15605,0.43470522761299996,0.809924960136,1741,48.209999084472656,77.08999633789062,0.159496847803
1.832699979,56159.85464,0.399984002113,0.742715775967,1224,42.93999862670898,80.56999969482422,0.147923912687
0.804556038,23605.764619999998,0.413154214621,0.773125886917,86,66.18000030517578,95.66999816894531,0.144871761312
0.601070697,17635.481819999997,0.563897073269,1.06955587864,87,99.95999908447266,99.95999908447266,0.195210192106
0.655199305,19223.62127,0.212712183595,0.387796729803,107,-99999.0,-99999.0,0.0848892851804
3.244863509,106079.6412,0.701049506664,1.3034199476200001,1822,74.04000091552734,91.88999938964844,0.24772330669700002
0.971044389,31744.94412,0.6661439538,1.25475764275,407,79.02999877929688,93.5,0.239446566391
1.83263984,59911.833060000004,0.626107871532,1.16671037674,675,50.27000045776367,79.12999725341797,0.222515045047
1.566431102,51302.31648,0.425994664431,0.789737403393,290,64.84999847412111,89.56999969482422,0.159747269102
1.4281529919999998,46773.56994,0.6855425834659999,1.27611076832,608,44.9900016784668,83.27999877929688,0.2407079398
1.4877157840000002,48724.316269999996,0.5410357713699999,1.01298809052,467,59.08000183105469,88.54000091552734,0.198020790411
1.943150673,63640.27748,0.7784561514849999,1.45143473148,2203,80.11000061035156,94.68000030517578,0.272141405988
1.348310708,46659.97579,0.522933781147,0.974620759487,143,68.33999633789061,84.87000274658203,0.18818650657699998
1.323350131,45796.193360000005,0.6538593173030001,1.21669661999,640,57.209999084472656,92.6999969482422,0.230717790412
1.573624683,54457.247260000004,0.9841411113740001,1.83563327789,2418,83.45999908447266,94.25,0.336142834604
0.764053612,23190.67196,0.599281430244,1.118237257,487,53.15999984741211,93.5199966430664,0.215505966212
1.506395124,45722.33256,0.538235723972,1.0020827055,342,63.38000106811523,92.05999755859376,0.193741307565
1.334509524,40505.23484,0.44418707490000003,0.8306608200069999,275,36.88999938964844,83.3499984741211,0.16299224749000002
0.839579799,25483.054340000002,0.485912829638,0.908748567104,234,45.63999938964844,84.79000091552734,0.17968437037700002
2.605625019,86571.86919,0.7021030783650001,1.31070756912,1289,67.48999786376953,93.5,0.239934670726
3.041200781,84325.16746,0.7308965325360001,1.36443960667,2202,65.62000274658203,92.7300033569336,0.257739980258
1.82723206,63423.187410000006,0.8526650071140001,1.58768463135,1827,89.80999755859375,98.16999816894531,0.250295054014
1.9054301530000002,67073.92117,0.995412051678,1.85696399212,6179,88.83999633789062,97.77999877929688,0.303813169655
