Date,Ozone_AQI_Value,Site Name,Site ID,Source
4/1/2010,80,Delaware,39-041-0002,AQS
4/2/2010,105,Heath,39-089-0005,AQS
4/3/2010,67,New Albany,39-049-0029,AQS
4/4/2010,61,Delaware,39-041-0002,AQS
4/5/2010,54,Delaware,39-041-0002,AQS
4/6/2010,67,Delaware,39-041-0002,AQS
4/7/2010,50,Delaware,39-041-0002,AQS
4/8/2010,42,New Albany,39-049-0029,AQS
4/9/2010,42,Delaware,39-041-0002,AQS
4/10/2010,61,Delaware,39-041-0002,AQS
4/11/2010,115,Heath,39-089-0005,AQS
4/12/2010,61,Delaware,39-041-0002,AQS
4/13/2010,54,New Albany,39-049-0029,AQS
4/14/2010,61,New Albany,39-049-0029,AQS
4/15/2010,140,New Albany,39-049-0029,AQS
4/16/2010,46,Delaware,39-041-0002,AQS
4/17/2010,48,New Albany,39-049-0029,AQS
4/18/2010,32,London,39-097-0007,AQS
4/19/2010,46,New Albany,39-049-0029,AQS
4/20/2010,58,New Albany,39-049-0029,AQS
4/21/2010,84,Delaware,39-041-0002,AQS
4/22/2010,87,London,39-097-0007,AQS
4/23/2010,74,New Albany,39-049-0029,AQS
4/24/2010,44,New Albany,39-049-0029,AQS
4/25/2010,44,New Albany,39-049-0029,AQS
4/26/2010,42,Delaware,39-041-0002,AQS
4/27/2010,47,New Albany,39-049-0029,AQS
4/28/2010,45,Delaware,39-041-0002,AQS
4/29/2010,71,Heath,39-089-0005,AQS
4/30/2010,74,New Albany,39-049-0029,AQS
5/1/2010,47,New Albany,39-049-0029,AQS
5/2/2010,36,New Albany,39-049-0029,AQS
5/3/2010,77,New Albany,39-049-0029,AQS
5/4/2010,51,Delaware,39-041-0002,AQS
5/5/2010,112,Delaware,39-041-0002,AQS
5/6/2010,46,London,39-097-0007,AQS
5/7/2010,90,New Albany,39-049-0029,AQS
5/8/2010,34,New Albany,39-049-0029,AQS
5/9/2010,46,New Albany,39-049-0029,AQS
5/10/2010,48,Delaware,39-041-0002,AQS
5/11/2010,39,New Albany,39-049-0029,AQS
5/12/2010,24,New Albany,39-049-0029,AQS
5/13/2010,42,Delaware,39-041-0002,AQS
5/14/2010,50,New Albany,39-049-0029,AQS
5/15/2010,61,FRANKLIN_PK,39-049-0037,AQS
5/16/2010,44,Delaware,39-041-0002,AQS
5/17/2010,32,Heath,39-089-0005,AQS
5/18/2010,31,Heath,39-089-0005,AQS
5/19/2010,33,Delaware,39-041-0002,AQS
5/20/2010,74,New Albany,39-049-0029,AQS
5/21/2010,42,New Albany,39-049-0029,AQS
5/22/2010,45,London,39-097-0007,AQS
5/23/2010,100,FRANKLIN_PK,39-049-0037,AQS
5/24/2010,54,London,39-097-0007,AQS
5/25/2010,44,FRANKLIN_PK,39-049-0037,AQS
5/26/2010,87,New Albany,39-049-0029,AQS
5/27/2010,115,New Albany,39-049-0029,AQS
5/28/2010,71,London,39-097-0007,AQS
5/29/2010,80,Heath,39-089-0005,AQS
5/30/2010,126,New Albany,39-049-0029,AQS
5/31/2010,43,New Albany,39-049-0029,AQS
6/1/2010,71,New Albany,39-049-0029,AQS
6/2/2010,105,New Albany,39-049-0029,AQS
6/3/2010,64,New Albany,39-049-0029,AQS
6/4/2010,100,London,39-097-0007,AQS
6/5/2010,39,New Albany,39-049-0029,AQS
6/6/2010,42,New Albany,39-049-0029,AQS
6/7/2010,45,Delaware,39-041-0002,AQS
6/8/2010,51,New Albany,39-049-0029,AQS
6/9/2010,44,New Albany,39-049-0029,AQS
6/10/2010,67,Heath,39-089-0005,AQS
6/11/2010,43,London,39-097-0007,AQS
6/12/2010,38,London,39-097-0007,AQS
6/13/2010,40,New Albany,39-049-0029,AQS
6/14/2010,42,London,39-097-0007,AQS
6/15/2010,51,New Albany,39-049-0029,AQS
6/16/2010,46,Heath,39-089-0005,AQS
6/17/2010,48,New Albany,39-049-0029,AQS
6/18/2010,100,New Albany,39-049-0029,AQS
6/19/2010,58,New Albany,39-049-0029,AQS
6/20/2010,48,London,39-097-0007,AQS
6/21/2010,54,Heath,39-089-0005,AQS
6/22/2010,74,Heath,39-089-0005,AQS
6/23/2010,115,New Albany,39-049-0029,AQS
6/24/2010,50,New Albany,39-049-0029,AQS
6/25/2010,112,Heath,39-089-0005,AQS
6/26/2010,119,New Albany,39-049-0029,AQS
6/27/2010,58,New Albany,39-049-0029,AQS
6/28/2010,48,New Albany,39-049-0029,AQS
6/29/2010,41,Delaware,39-041-0002,AQS
6/30/2010,44,London,39-097-0007,AQS
7/1/2010,47,Heath,39-089-0005,AQS
7/2/2010,46,FRANKLIN_PK,39-049-0037,AQS
7/3/2010,97,Delaware,39-041-0002,AQS
7/4/2010,93,New Albany,39-049-0029,AQS
7/5/2010,90,New Albany,39-049-0029,AQS
7/6/2010,115,New Albany,39-049-0029,AQS
7/7/2010,112,Heath,39-089-0005,AQS
7/8/2010,156,New Albany,39-049-0029,AQS
7/9/2010,34,London,39-097-0007,AQS
7/10/2010,48,Delaware,39-041-0002,AQS
7/11/2010,58,New Albany,39-049-0029,AQS
7/12/2010,51,London,39-097-0007,AQS
7/13/2010,33,New Albany,39-049-0029,AQS
7/14/2010,71,London,39-097-0007,AQS
7/15/2010,80,New Albany,39-049-0029,AQS
7/16/2010,67,Heath,39-089-0005,AQS
7/17/2010,74,New Albany,39-049-0029,AQS
7/18/2010,48,New Albany,39-049-0029,AQS
7/19/2010,48,Heath,39-089-0005,AQS
7/20/2010,51,New Albany,39-049-0029,AQS
7/21/2010,50,Heath,39-089-0005,AQS
7/22/2010,71,New Albany,39-049-0029,AQS
7/23/2010,54,Heath,39-089-0005,AQS
7/24/2010,48,New Albany,39-049-0029,AQS
7/25/2010,39,New Albany,39-049-0029,AQS
7/26/2010,48,London,39-097-0007,AQS
7/27/2010,97,Maple Canyon,39-049-0081,AQS
7/28/2010,74,New Albany,39-049-0029,AQS
7/29/2010,44,Delaware,39-041-0002,AQS
7/30/2010,77,FRANKLIN_PK,39-049-0037,AQS
7/31/2010,58,New Albany,39-049-0029,AQS
8/1/2010,105,London,39-097-0007,AQS
8/2/2010,105,Maple Canyon,39-049-0081,AQS
8/3/2010,84,London,39-097-0007,AQS
8/4/2010,48,Heath,39-089-0005,AQS
8/5/2010,50,New Albany,39-049-0029,AQS
8/6/2010,45,New Albany,39-049-0029,AQS
8/7/2010,61,Maple Canyon,39-049-0081,AQS
8/8/2010,80,New Albany,39-049-0029,AQS
8/9/2010,122,New Albany,39-049-0029,AQS
8/10/2010,87,Delaware,39-041-0002,AQS
8/11/2010,71,New Albany,39-049-0029,AQS
8/12/2010,71,Heath,39-089-0005,AQS
8/13/2010,93,FRANKLIN_PK,39-049-0037,AQS
8/14/2010,64,New Albany,39-049-0029,AQS
8/15/2010,46,New Albany,39-049-0029,AQS
8/16/2010,43,Heath,39-089-0005,AQS
8/17/2010,49,FRANKLIN_PK,39-049-0037,AQS
8/18/2010,80,Heath,39-089-0005,AQS
8/19/2010,108,FRANKLIN_PK,39-049-0037,AQS
8/20/2010,126,Delaware,39-041-0002,AQS
8/21/2010,37,New Albany,39-049-0029,AQS
8/22/2010,44,New Albany,39-049-0029,AQS
8/23/2010,43,Heath,39-089-0005,AQS
8/24/2010,39,New Albany,39-049-0029,AQS
8/25/2010,46,London,39-097-0007,AQS
8/26/2010,41,Heath,39-089-0005,AQS
8/27/2010,71,London,39-097-0007,AQS
8/28/2010,87,London,39-097-0007,AQS
8/29/2010,112,Delaware,39-041-0002,AQS
8/30/2010,105,Delaware,39-041-0002,AQS
8/31/2010,87,New Albany,39-049-0029,AQS
9/1/2010,74,New Albany,39-049-0029,AQS
9/2/2010,108,London,39-097-0007,AQS
9/3/2010,42,London,39-097-0007,AQS
9/4/2010,38,Delaware,39-041-0002,AQS
9/5/2010,47,London,39-097-0007,AQS
9/6/2010,54,Delaware,39-041-0002,AQS
9/7/2010,77,New Albany,39-049-0029,AQS
9/8/2010,47,London,39-097-0007,AQS
9/9/2010,32,London,39-097-0007,AQS
9/10/2010,45,London,39-097-0007,AQS
9/11/2010,46,New Albany,39-049-0029,AQS
9/12/2010,39,London,39-097-0007,AQS
9/13/2010,58,London,39-097-0007,AQS
9/14/2010,44,Delaware,39-041-0002,AQS
9/15/2010,77,London,39-097-0007,AQS
9/16/2010,48,London,39-097-0007,AQS
9/17/2010,38,London,39-097-0007,AQS
9/18/2010,54,New Albany,39-049-0029,AQS
9/19/2010,67,London,39-097-0007,AQS
9/20/2010,54,London,39-097-0007,AQS
9/21/2010,67,New Albany,39-049-0029,AQS
9/22/2010,84,Heath,39-089-0005,AQS
9/23/2010,93,London,39-097-0007,AQS
9/24/2010,64,Delaware,39-041-0002,AQS
9/25/2010,38,New Albany,39-049-0029,AQS
9/26/2010,26,London,39-097-0007,AQS
9/27/2010,15,Delaware,39-041-0002,AQS
9/28/2010,21,London,39-097-0007,AQS
9/29/2010,44,London,39-097-0007,AQS
9/30/2010,67,London,39-097-0007,AQS
10/1/2010,33,London,39-097-0007,AQS
10/2/2010,33,London,39-097-0007,AQS
10/3/2010,24,Delaware,39-041-0002,AQS
10/4/2010,25,Delaware,39-041-0002,AQS
10/5/2010,31,London,39-097-0007,AQS
10/6/2010,41,London,39-097-0007,AQS
10/7/2010,43,London,39-097-0007,AQS
10/8/2010,49,London,39-097-0007,AQS
10/9/2010,84,London,39-097-0007,AQS
10/10/2010,100,London,39-097-0007,AQS
10/11/2010,100,London,39-097-0007,AQS
10/12/2010,48,London,39-097-0007,AQS
10/13/2010,42,London,39-097-0007,AQS
10/14/2010,33,Delaware,39-041-0002,AQS
10/15/2010,36,New Albany,39-049-0029,AQS
10/16/2010,41,Delaware,39-041-0002,AQS
10/17/2010,46,London,39-097-0007,AQS
10/18/2010,32,New Albany,39-049-0029,AQS
10/19/2010,38,London,39-097-0007,AQS
10/20/2010,43,Delaware,39-041-0002,AQS
10/21/2010,36,New Albany,39-049-0029,AQS
10/22/2010,31,Heath,39-089-0005,AQS
10/23/2010,41,New Albany,39-049-0029,AQS
10/24/2010,54,New Albany,39-049-0029,AQS
10/25/2010,40,New Albany,39-049-0029,AQS
10/26/2010,36,New Albany,39-049-0029,AQS
10/27/2010,39,New Albany,39-049-0029,AQS
10/28/2010,29,New Albany,39-049-0029,AQS
10/29/2010,30,London,39-097-0007,AQS
10/30/2010,32,Heath,39-089-0005,AQS
10/31/2010,33,New Albany,39-049-0029,AQS
4/1/2011,61,New Albany,39-049-0029,AQS
4/2/2011,39,New Albany,39-049-0029,AQS
4/3/2011,45,New Albany,39-049-0029,AQS
4/4/2011,40,New Albany,39-049-0029,AQS
4/5/2011,43,New Albany,39-049-0029,AQS
4/6/2011,49,New Albany,39-049-0029,AQS
4/7/2011,44,New Albany,39-049-0029,AQS
4/8/2011,36,Delaware,39-041-0002,AQS
4/9/2011,32,Delaware,39-041-0002,AQS
4/10/2011,40,New Albany,39-049-0029,AQS
4/11/2011,39,Heath,39-089-0005,AQS
4/12/2011,45,Delaware,39-041-0002,AQS
4/13/2011,67,London,39-097-0007,AQS
4/14/2011,77,London,39-097-0007,AQS
4/15/2011,84,Heath,39-089-0005,AQS
4/16/2011,46,New Albany,39-049-0029,AQS
4/17/2011,50,New Albany,39-049-0029,AQS
4/18/2011,58,London,39-097-0007,AQS
4/19/2011,41,New Albany,39-049-0029,AQS
4/20/2011,42,New Albany,39-049-0029,AQS
4/21/2011,49,New Albany,39-049-0029,AQS
4/22/2011,37,New Albany,39-049-0029,AQS
4/23/2011,40,Heath,39-089-0005,AQS
4/24/2011,38,Delaware,39-041-0002,AQS
4/25/2011,36,New Albany,39-049-0029,AQS
4/26/2011,58,London,39-097-0007,AQS
4/27/2011,77,New Albany,39-049-0029,AQS
4/28/2011,45,New Albany,39-049-0029,AQS
4/29/2011,42,New Albany,39-049-0029,AQS
4/30/2011,50,New Albany,39-049-0029,AQS
5/1/2011,48,New Albany,39-049-0029,AQS
5/2/2011,44,London,39-097-0007,AQS
5/3/2011,44,New Albany,39-049-0029,AQS
5/4/2011,39,New Albany,39-049-0029,AQS
5/5/2011,47,New Albany,39-049-0029,AQS
5/6/2011,47,New Albany,39-049-0029,AQS
5/7/2011,46,London,39-097-0007,AQS
5/8/2011,58,London,39-097-0007,AQS
5/9/2011,54,London,39-097-0007,AQS
5/10/2011,54,New Albany,39-049-0029,AQS
5/11/2011,64,Delaware,39-041-0002,AQS
5/12/2011,87,New Albany,39-049-0029,AQS
5/13/2011,71,New Albany,39-049-0029,AQS
5/14/2011,48,New Albany,39-049-0029,AQS
5/15/2011,32,Delaware,39-041-0002,AQS
5/16/2011,34,London,39-097-0007,AQS
5/17/2011,24,London,39-097-0007,AQS
5/18/2011,19,Heath,39-089-0005,AQS
5/19/2011,33,London,39-097-0007,AQS
5/20/2011,49,London,39-097-0007,AQS
5/21/2011,67,London,39-097-0007,AQS
5/22/2011,77,New Albany,39-049-0029,AQS
5/23/2011,54,Delaware,39-041-0002,AQS
5/24/2011,51,New Albany,39-049-0029,AQS
5/25/2011,58,London,39-097-0007,AQS
5/26/2011,61,New Albany,39-049-0029,AQS
5/27/2011,43,Heath,39-089-0005,AQS
5/28/2011,49,New Albany,39-049-0029,AQS
5/29/2011,74,New Albany,39-049-0029,AQS
5/30/2011,93,New Albany,39-049-0029,AQS
5/31/2011,101,New Albany,39-049-0029,AQS
6/1/2011,67,London,39-097-0007,AQS
6/2/2011,64,London,39-097-0007,AQS
6/3/2011,80,FRANKLIN_PK,39-049-0037,AQS
6/4/2011,129,New Albany,39-049-0029,AQS
6/5/2011,80,London,39-097-0007,AQS
6/6/2011,156,New Albany,39-049-0029,AQS
6/7/2011,93,London,39-097-0007,AQS
6/8/2011,156,New Albany,39-049-0029,AQS
6/9/2011,101,London,39-097-0007,AQS
6/10/2011,84,New Albany,39-049-0029,AQS
6/11/2011,77,New Albany,39-049-0029,AQS
6/12/2011,44,Heath,39-089-0005,AQS
6/13/2011,46,New Albany,39-049-0029,AQS
6/14/2011,42,London,39-097-0007,AQS
6/15/2011,41,New Albany,39-049-0029,AQS
6/16/2011,50,London,39-097-0007,AQS
6/17/2011,129,London,39-097-0007,AQS
6/18/2011,44,New Albany,39-049-0029,AQS
6/19/2011,41,New Albany,39-049-0029,AQS
6/20/2011,32,London,39-097-0007,AQS
6/21/2011,43,New Albany,39-049-0029,AQS
6/22/2011,41,London,39-097-0007,AQS
6/23/2011,46,New Albany,39-049-0029,AQS
6/24/2011,32,New Albany,39-049-0029,AQS
6/25/2011,45,London,39-097-0007,AQS
6/26/2011,44,New Albany,39-049-0029,AQS
6/27/2011,50,New Albany,39-049-0029,AQS
6/28/2011,71,New Albany,39-049-0029,AQS
6/29/2011,50,New Albany,39-049-0029,AQS
6/30/2011,122,FRANKLIN_PK,39-049-0037,AQS
7/1/2011,156,New Albany,39-049-0029,AQS
7/2/2011,105,London,39-097-0007,AQS
7/3/2011,87,New Albany,39-049-0029,AQS
7/4/2011,71,Delaware,39-041-0002,AQS
7/5/2011,108,FRANKLIN_PK,39-049-0037,AQS
7/6/2011,129,Heath,39-089-0005,AQS
7/7/2011,105,London,39-097-0007,AQS
7/8/2011,80,London,39-097-0007,AQS
7/9/2011,84,London,39-097-0007,AQS
7/10/2011,112,Delaware,39-041-0002,AQS
7/11/2011,61,London,39-097-0007,AQS
7/12/2011,90,New Albany,39-049-0029,AQS
7/13/2011,51,London,39-097-0007,AQS
7/14/2011,50,London,39-097-0007,AQS
7/15/2011,61,New Albany,39-049-0029,AQS
7/16/2011,58,Delaware,39-041-0002,AQS
7/17/2011,61,Delaware,39-041-0002,AQS
7/18/2011,61,London,39-097-0007,AQS
7/19/2011,64,New Albany,39-049-0029,AQS
7/20/2011,93,New Albany,39-049-0029,AQS
7/21/2011,105,Heath,39-089-0005,AQS
7/22/2011,112,New Albany,39-049-0029,AQS
7/23/2011,61,New Albany,39-049-0029,AQS
7/24/2011,48,New Albany,39-049-0029,AQS
7/25/2011,51,New Albany,39-049-0029,AQS
7/26/2011,67,New Albany,39-049-0029,AQS
7/27/2011,97,New Albany,39-049-0029,AQS
7/28/2011,101,New Albany,39-049-0029,AQS
7/29/2011,64,New Albany,39-049-0029,AQS
7/30/2011,61,New Albany,39-049-0029,AQS
7/31/2011,80,FRANKLIN_PK,39-049-0037,AQS
8/1/2011,58,Heath,39-089-0005,AQS
8/2/2011,84,New Albany,39-049-0029,AQS
8/3/2011,44,New Albany,39-049-0029,AQS
8/4/2011,45,Heath,39-089-0005,AQS
8/5/2011,84,FRANKLIN_PK,39-049-0037,AQS
8/6/2011,80,New Albany,39-049-0029,AQS
8/7/2011,49,London,39-097-0007,AQS
8/8/2011,45,New Albany,39-049-0029,AQS
8/9/2011,46,London,39-097-0007,AQS
8/10/2011,39,Heath,39-089-0005,AQS
8/11/2011,39,Heath,39-089-0005,AQS
8/12/2011,47,London,39-097-0007,AQS
8/13/2011,100,New Albany,39-049-0029,AQS
8/14/2011,49,New Albany,39-049-0029,AQS
8/15/2011,44,New Albany,39-049-0029,AQS
8/16/2011,47,FRANKLIN_PK,39-049-0037,AQS
8/17/2011,61,New Albany,39-049-0029,AQS
8/18/2011,101,New Albany,39-049-0029,AQS
8/19/2011,67,Heath,39-089-0005,AQS
8/20/2011,84,New Albany,39-049-0029,AQS
8/21/2011,45,New Albany,39-049-0029,AQS
8/22/2011,33,London,39-097-0007,AQS
8/23/2011,47,New Albany,39-049-0029,AQS
8/24/2011,119,London,39-097-0007,AQS
8/25/2011,40,New Albany,39-049-0029,AQS
8/26/2011,41,London,39-097-0007,AQS
8/27/2011,67,New Albany,39-049-0029,AQS
8/28/2011,34,Heath,39-089-0005,AQS
8/29/2011,32,London,39-097-0007,AQS
8/30/2011,44,New Albany,39-049-0029,AQS
8/31/2011,67,New Albany,39-049-0029,AQS
9/1/2011,154,New Albany,39-049-0029,AQS
9/2/2011,140,Heath,39-089-0005,AQS
9/3/2011,133,New Albany,39-049-0029,AQS
9/4/2011,44,New Albany,39-049-0029,AQS
9/5/2011,24,Heath,39-089-0005,AQS
9/6/2011,26,London,39-097-0007,AQS
9/7/2011,15,Heath,39-089-0005,AQS
9/8/2011,15,Heath,39-089-0005,AQS
9/9/2011,31,Heath,39-089-0005,AQS
9/10/2011,42,New Albany,39-049-0029,AQS
9/11/2011,42,New Albany,39-049-0029,AQS
9/12/2011,47,London,39-097-0007,AQS
9/13/2011,90,London,39-097-0007,AQS
9/14/2011,34,Heath,39-089-0005,AQS
9/15/2011,28,Heath,39-089-0005,AQS
9/16/2011,28,Delaware,39-041-0002,AQS
9/17/2011,31,London,39-097-0007,AQS
9/18/2011,37,Delaware,39-041-0002,AQS
9/19/2011,23,Heath,39-089-0005,AQS
9/20/2011,30,London,39-097-0007,AQS
9/21/2011,30,Heath,39-089-0005,AQS
9/22/2011,41,Heath,39-089-0005,AQS
9/23/2011,30,Heath,39-089-0005,AQS
9/24/2011,34,New Albany,39-049-0029,AQS
9/25/2011,37,London,39-097-0007,AQS
9/26/2011,38,London,39-097-0007,AQS
9/27/2011,35,Heath,39-089-0005,AQS
9/28/2011,33,Heath,39-089-0005,AQS
9/29/2011,44,New Albany,39-049-0029,AQS
9/30/2011,26,London,39-097-0007,AQS
10/1/2011,28,Heath,39-089-0005,AQS
10/2/2011,31,New Albany,39-049-0029,AQS
10/3/2011,26,London,39-097-0007,AQS
10/4/2011,28,Delaware,39-041-0002,AQS
10/5/2011,49,London,39-097-0007,AQS
10/6/2011,67,London,39-097-0007,AQS
10/7/2011,80,New Albany,39-049-0029,AQS
10/8/2011,50,Delaware,39-041-0002,AQS
10/9/2011,43,Delaware,39-041-0002,AQS
10/10/2011,48,New Albany,39-049-0029,AQS
10/11/2011,44,Delaware,39-041-0002,AQS
10/12/2011,31,London,39-097-0007,AQS
10/13/2011,32,New Albany,39-049-0029,AQS
10/14/2011,33,Delaware,39-041-0002,AQS
10/15/2011,32,Delaware,39-041-0002,AQS
10/16/2011,58,London,39-097-0007,AQS
10/17/2011,33,Heath,39-089-0005,AQS
10/18/2011,24,Heath,39-089-0005,AQS
10/19/2011,18,Heath,39-089-0005,AQS
10/20/2011,13,Delaware,39-041-0002,AQS
10/21/2011,23,London,39-097-0007,AQS
10/22/2011,31,Delaware,39-041-0002,AQS
10/23/2011,40,London,39-097-0007,AQS
10/24/2011,32,London,39-097-0007,AQS
10/25/2011,39,New Albany,39-049-0029,AQS
10/26/2011,40,Heath,39-089-0005,AQS
10/27/2011,22,Delaware,39-041-0002,AQS
10/28/2011,24,Delaware,39-041-0002,AQS
10/29/2011,29,London,39-097-0007,AQS
10/30/2011,33,London,39-097-0007,AQS
10/31/2011,31,London,39-097-0007,AQS
4/1/2012,46,New Albany,39-049-0029,AQS
4/2/2012,44,Delaware,39-041-0002,AQS
4/3/2012,37,New Albany,39-049-0029,AQS
4/4/2012,45,Delaware,39-041-0002,AQS
4/5/2012,35,New Albany,39-049-0029,AQS
4/6/2012,47,New Albany,39-049-0029,AQS
4/7/2012,61,New Albany,39-049-0029,AQS
4/8/2012,46,New Albany,39-049-0029,AQS
4/9/2012,47,New Albany,39-049-0029,AQS
4/10/2012,37,London,39-097-0007,AQS
4/11/2012,31,Delaware,39-041-0002,AQS
4/12/2012,44,Delaware,39-041-0002,AQS
4/13/2012,51,Delaware,39-041-0002,AQS
4/14/2012,43,New Albany,39-049-0029,AQS
4/15/2012,61,Delaware,39-041-0002,AQS
4/16/2012,54,New Albany,39-049-0029,AQS
4/17/2012,39,Heath,39-089-0005,AQS
4/18/2012,49,Delaware,39-041-0002,AQS
4/19/2012,67,Delaware,39-041-0002,AQS
4/20/2012,64,Delaware,39-041-0002,AQS
4/21/2012,36,Delaware,39-041-0002,AQS
4/22/2012,40,New Albany,39-049-0029,AQS
4/23/2012,46,New Albany,39-049-0029,AQS
4/24/2012,49,New Albany,39-049-0029,AQS
4/25/2012,44,Heath,39-089-0005,AQS
4/26/2012,41,London,39-097-0007,AQS
4/27/2012,46,Delaware,39-041-0002,AQS
4/28/2012,44,New Albany,39-049-0029,AQS
4/29/2012,74,London,39-097-0007,AQS
4/30/2012,71,Delaware,39-041-0002,AQS
5/1/2012,50,New Albany,39-049-0029,AQS
5/2/2012,51,New Albany,39-049-0029,AQS
5/3/2012,64,Delaware,39-041-0002,AQS
5/4/2012,46,London,39-097-0007,AQS
5/5/2012,49,New Albany,39-049-0029,AQS
5/6/2012,64,Delaware,39-041-0002,AQS
5/7/2012,64,London,39-097-0007,AQS
5/8/2012,45,London,39-097-0007,AQS
5/9/2012,46,New Albany,39-049-0029,AQS
5/10/2012,50,Delaware,39-041-0002,AQS
5/11/2012,74,New Albany,39-049-0029,AQS
5/12/2012,74,New Albany,39-049-0029,AQS
5/13/2012,47,London,39-097-0007,AQS
5/14/2012,71,Delaware,39-041-0002,AQS
5/15/2012,105,Heath,39-089-0005,AQS
5/16/2012,77,Heath,39-089-0005,AQS
5/17/2012,58,New Albany,39-049-0029,AQS
5/18/2012,108,London,39-097-0007,AQS
5/19/2012,122,FRANKLIN_PK,39-049-0037,AQS
5/20/2012,97,London,39-097-0007,AQS
5/21/2012,129,FRANKLIN_PK,39-049-0037,AQS
5/22/2012,45,London,39-097-0007,AQS
5/23/2012,97,London,39-097-0007,AQS
5/24/2012,84,Delaware,39-041-0002,AQS
5/25/2012,97,New Albany,39-049-0029,AQS
5/26/2012,97,FRANKLIN_PK,39-049-0037,AQS
5/27/2012,74,New Albany,39-049-0029,AQS
5/28/2012,64,Delaware,39-041-0002,AQS
5/29/2012,84,Heath,39-089-0005,AQS
5/30/2012,90,New Albany,39-049-0029,AQS
5/31/2012,90,FRANKLIN_PK,39-049-0037,AQS
6/1/2012,42,London,39-097-0007,AQS
6/2/2012,67,New Albany,39-049-0029,AQS
6/3/2012,74,New Albany,39-049-0029,AQS
6/4/2012,51,London,39-097-0007,AQS
6/5/2012,35,New Albany,39-049-0029,AQS
6/6/2012,44,Delaware,39-041-0002,AQS
6/7/2012,49,New Albany,39-049-0029,AQS
6/8/2012,87,London,39-097-0007,AQS
6/9/2012,126,New Albany,39-049-0029,AQS
6/10/2012,122,Delaware,39-041-0002,AQS
6/11/2012,36,New Albany,39-049-0029,AQS
6/12/2012,84,New Albany,39-049-0029,AQS
6/13/2012,54,New Albany,39-049-0029,AQS
6/14/2012,100,London,39-097-0007,AQS
6/15/2012,84,Delaware,39-041-0002,AQS
6/16/2012,71,New Albany,39-049-0029,AQS
6/17/2012,49,New Albany,39-049-0029,AQS
6/18/2012,87,Delaware,39-041-0002,AQS
6/19/2012,87,New Albany,39-049-0029,AQS
6/20/2012,108,London,39-097-0007,AQS
6/21/2012,112,Heath,39-089-0005,AQS
6/22/2012,77,New Albany,39-049-0029,AQS
6/23/2012,84,FRANKLIN_PK,39-049-0037,AQS
6/24/2012,115,New Albany,39-049-0029,AQS
6/25/2012,44,New Albany,39-049-0029,AQS
6/26/2012,45,London,39-097-0007,AQS
6/27/2012,108,Heath,39-089-0005,AQS
6/28/2012,201,New Albany,39-049-0029,AQS
6/29/2012,161,Heath,39-089-0005,AQS
6/30/2012,101,FRANKLIN_PK,39-049-0037,AQS
7/1/2012,115,New Albany,39-049-0029,AQS
7/2/2012,143,Heath,39-089-0005,AQS
7/3/2012,147,New Albany,39-049-0029,AQS
7/4/2012,105,Heath,39-089-0005,AQS
7/5/2012,87,New Albany,39-049-0029,AQS
7/6/2012,100,FRANKLIN_PK,39-049-0037,AQS
7/7/2012,105,Heath,39-089-0005,AQS
7/8/2012,47,FRANKLIN_PK,39-049-0037,AQS
7/9/2012,61,London,39-097-0007,AQS
7/10/2012,97,FRANKLIN_PK,39-049-0037,AQS
7/11/2012,97,Heath,39-089-0005,AQS
7/12/2012,90,Delaware,39-041-0002,AQS
7/13/2012,67,Delaware,39-041-0002,AQS
7/14/2012,45,Delaware,39-041-0002,AQS
7/15/2012,44,New Albany,39-049-0029,AQS
7/16/2012,100,New Albany,39-049-0029,AQS
7/17/2012,84,Heath,39-089-0005,AQS
7/18/2012,100,Heath,39-089-0005,AQS
7/19/2012,45,New Albany,39-049-0029,AQS
7/20/2012,39,New Albany,39-049-0029,AQS
7/21/2012,51,FRANKLIN_PK,39-049-0037,AQS
7/22/2012,101,New Albany,39-049-0029,AQS
7/23/2012,126,New Albany,39-049-0029,AQS
7/24/2012,47,New Albany,39-049-0029,AQS
7/25/2012,90,Delaware,39-041-0002,AQS
7/26/2012,84,Heath,39-089-0005,AQS
7/27/2012,84,Heath,39-089-0005,AQS
7/28/2012,51,Heath,39-089-0005,AQS
7/29/2012,47,FRANKLIN_PK,39-049-0037,AQS
7/30/2012,84,New Albany,39-049-0029,AQS
7/31/2012,115,New Albany,39-049-0029,AQS
8/1/2012,87,Heath,39-089-0005,AQS
8/2/2012,161,Maple Canyon,39-049-0081,AQS
8/3/2012,105,Delaware,39-041-0002,AQS
8/4/2012,54,Delaware,39-041-0002,AQS
8/5/2012,58,New Albany,39-049-0029,AQS
8/6/2012,87,FRANKLIN_PK,39-049-0037,AQS
8/7/2012,136,London,39-097-0007,AQS
8/8/2012,136,London,39-097-0007,AQS
8/9/2012,77,New Albany,39-049-0029,AQS
8/10/2012,40,Heath,39-089-0005,AQS
8/11/2012,27,London,39-097-0007,AQS
8/12/2012,37,Heath,39-089-0005,AQS
8/13/2012,71,New Albany,39-049-0029,AQS
8/14/2012,50,Heath,39-089-0005,AQS
8/15/2012,67,London,39-097-0007,AQS
8/16/2012,108,New Albany,39-049-0029,AQS
8/17/2012,40,New Albany,39-049-0029,AQS
8/18/2012,49,FRANKLIN_PK,39-049-0037,AQS
8/19/2012,58,Heath,39-089-0005,AQS
8/20/2012,71,New Albany,39-049-0029,AQS
8/21/2012,67,FRANKLIN_PK,39-049-0037,AQS
8/22/2012,112,Maple Canyon,39-049-0081,AQS
8/23/2012,140,FRANKLIN_PK,39-049-0037,AQS
8/24/2012,136,Delaware,39-041-0002,AQS
8/25/2012,90,Delaware,39-041-0002,AQS
8/26/2012,97,Maple Canyon,39-049-0081,AQS
8/27/2012,41,Heath,39-089-0005,AQS
8/28/2012,51,New Albany,39-049-0029,AQS
8/29/2012,48,London,39-097-0007,AQS
8/30/2012,100,Delaware,39-041-0002,AQS
8/31/2012,44,Heath,39-089-0005,AQS
9/1/2012,32,New Albany,39-049-0029,AQS
9/2/2012,31,New Albany,39-049-0029,AQS
9/3/2012,35,Delaware,39-041-0002,AQS
9/4/2012,36,London,39-097-0007,AQS
9/5/2012,50,New Albany,39-049-0029,AQS
9/6/2012,67,London,39-097-0007,AQS
9/7/2012,64,London,39-097-0007,AQS
9/8/2012,38,Heath,39-089-0005,AQS
9/9/2012,35,London,39-097-0007,AQS
9/10/2012,38,London,39-097-0007,AQS
9/11/2012,46,Delaware,39-041-0002,AQS
9/12/2012,77,New Albany,39-049-0029,AQS
9/13/2012,61,New Albany,39-049-0029,AQS
9/14/2012,34,Heath,39-089-0005,AQS
9/15/2012,44,London,39-097-0007,AQS
9/16/2012,48,FRANKLIN_PK,39-049-0037,AQS
9/17/2012,44,Delaware,39-041-0002,AQS
9/18/2012,29,New Albany,39-049-0029,AQS
9/19/2012,38,London,39-097-0007,AQS
9/20/2012,45,Delaware,39-041-0002,AQS
9/21/2012,31,Heath,39-089-0005,AQS
9/22/2012,37,New Albany,39-049-0029,AQS
9/23/2012,30,London,39-097-0007,AQS
9/24/2012,40,New Albany,39-049-0029,AQS
9/25/2012,32,London,39-097-0007,AQS
9/26/2012,34,Heath,39-089-0005,AQS
9/27/2012,27,Heath,39-089-0005,AQS
9/28/2012,37,London,39-097-0007,AQS
9/29/2012,45,London,39-097-0007,AQS
9/30/2012,41,New Albany,39-049-0029,AQS
10/1/2012,35,London,39-097-0007,AQS
10/2/2012,26,New Albany,39-049-0029,AQS
10/3/2012,39,London,39-097-0007,AQS
10/4/2012,51,New Albany,39-049-0029,AQS
10/5/2012,50,Heath,39-089-0005,AQS
10/6/2012,32,New Albany,39-049-0029,AQS
10/7/2012,22,London,39-097-0007,AQS
10/8/2012,30,London,39-097-0007,AQS
10/9/2012,37,New Albany,39-049-0029,AQS
10/10/2012,29,New Albany,39-049-0029,AQS
10/11/2012,33,Delaware,39-041-0002,AQS
10/12/2012,31,New Albany,39-049-0029,AQS
10/13/2012,44,New Albany,39-049-0029,AQS
10/14/2012,40,Heath,39-089-0005,AQS
10/15/2012,23,Heath,39-089-0005,AQS
10/16/2012,32,London,39-097-0007,AQS
10/17/2012,45,Heath,39-089-0005,AQS
10/18/2012,37,New Albany,39-049-0029,AQS
10/19/2012,31,Heath,39-089-0005,AQS
10/20/2012,23,Delaware,39-041-0002,AQS
10/21/2012,31,London,39-097-0007,AQS
10/22/2012,46,Heath,39-089-0005,AQS
10/23/2012,46,Heath,39-089-0005,AQS
10/24/2012,47,Heath,39-089-0005,AQS
10/25/2012,54,New Albany,39-049-0029,AQS
10/26/2012,33,New Albany,39-049-0029,AQS
10/27/2012,27,New Albany,39-049-0029,AQS
10/28/2012,26,New Albany,39-049-0029,AQS
10/29/2012,25,London,39-097-0007,AQS
10/30/2012,25,London,39-097-0007,AQS
10/31/2012,20,London,39-097-0007,AQS
4/1/2013,44,Delaware,39-041-0002,AQS
4/2/2013,47,Delaware,39-041-0002,AQS
4/3/2013,48,Delaware,39-041-0002,AQS
4/4/2013,58,Delaware,39-041-0002,AQS
4/5/2013,50,New Albany,39-049-0029,AQS
4/6/2013,50,London,39-097-0007,AQS
4/7/2013,50,Heath,39-089-0005,AQS
4/8/2013,44,New Albany,39-049-0029,AQS
4/9/2013,45,New Albany,39-049-0029,AQS
4/10/2013,36,New Albany,39-049-0029,AQS
4/11/2013,31,New Albany,39-049-0029,AQS
4/12/2013,37,New Albany,39-049-0029,AQS
4/13/2013,39,London,39-097-0007,AQS
4/14/2013,44,Delaware,39-041-0002,AQS
4/15/2013,47,New Albany,39-049-0029,AQS
4/16/2013,43,Heath,39-089-0005,AQS
4/17/2013,37,New Albany,39-049-0029,AQS
4/18/2013,45,Delaware,39-041-0002,AQS
4/19/2013,36,Heath,39-089-0005,AQS
4/20/2013,44,Delaware,39-041-0002,AQS
4/21/2013,54,New Albany,39-049-0029,AQS
4/22/2013,58,Delaware,39-041-0002,AQS
4/23/2013,64,New Albany,39-049-0029,AQS
4/24/2013,44,New Albany,39-049-0029,AQS
4/25/2013,48,New Albany,39-049-0029,AQS
4/26/2013,67,Heath,39-089-0005,AQS
4/27/2013,74,Delaware,39-041-0002,AQS
4/28/2013,42,Heath,39-089-0005,AQS
4/29/2013,41,Delaware,39-041-0002,AQS
4/30/2013,47,Heath,39-089-0005,AQS
5/1/2013,48,Delaware,39-041-0002,AQS
5/2/2013,44,Delaware,39-041-0002,AQS
5/3/2013,45,Delaware,39-041-0002,AQS
5/4/2013,46,Delaware,39-041-0002,AQS
5/5/2013,51,New Albany,39-049-0029,AQS
5/6/2013,41,New Albany,39-049-0029,AQS
5/7/2013,34,Delaware,39-041-0002,AQS
5/8/2013,44,New Albany,39-049-0029,AQS
5/9/2013,77,London,39-097-0007,AQS
5/10/2013,40,New Albany,39-049-0029,AQS
5/11/2013,31,Delaware,39-041-0002,AQS
5/12/2013,35,New Albany,39-049-0029,AQS
5/13/2013,46,London,39-097-0007,AQS
5/14/2013,64,New Albany,39-049-0029,AQS
5/15/2013,108,New Albany,39-049-0029,AQS
5/16/2013,54,New Albany,39-049-0029,AQS
5/17/2013,58,Delaware,39-041-0002,AQS
5/18/2013,54,London,39-097-0007,AQS
5/19/2013,39,Delaware,39-041-0002,AQS
5/20/2013,44,Delaware,39-041-0002,AQS
5/21/2013,67,Delaware,39-041-0002,AQS
5/22/2013,47,New Albany,39-049-0029,AQS
5/23/2013,36,Heath,39-089-0005,AQS
5/24/2013,39,London,39-097-0007,AQS
5/25/2013,46,London,39-097-0007,AQS
5/26/2013,49,London,39-097-0007,AQS
5/27/2013,44,New Albany,39-049-0029,AQS
5/28/2013,61,Delaware,39-041-0002,AQS
5/29/2013,71,Delaware,39-041-0002,AQS
5/30/2013,48,Heath,39-089-0005,AQS
5/31/2013,37,New Albany,39-049-0029,AQS
6/1/2013,38,Delaware,39-041-0002,AQS
6/2/2013,37,Heath,39-089-0005,AQS
6/3/2013,40,New Albany,39-049-0029,AQS
6/4/2013,84,London,39-097-0007,AQS
6/5/2013,100,FRANKLIN_PK,39-049-0037,AQS
6/6/2013,35,New Albany,39-049-0029,AQS
6/7/2013,45,London,39-097-0007,AQS
6/8/2013,84,New Albany,39-049-0029,AQS
6/9/2013,61,Delaware,39-041-0002,AQS
6/10/2013,44,Delaware,39-041-0002,AQS
6/11/2013,74,New Albany,39-049-0029,AQS
6/12/2013,119,New Albany,39-049-0029,AQS
6/13/2013,48,New Albany,39-049-0029,AQS
6/14/2013,45,London,39-097-0007,AQS
6/15/2013,71,New Albany,39-049-0029,AQS
6/16/2013,44,Delaware,39-041-0002,AQS
6/17/2013,67,New Albany,39-049-0029,AQS
6/18/2013,64,New Albany,39-049-0029,AQS
6/19/2013,58,London,39-097-0007,AQS
6/20/2013,136,Maple Canyon,39-049-0081,AQS
6/21/2013,108,Delaware,39-041-0002,AQS
6/22/2013,93,New Albany,39-049-0029,AQS
6/23/2013,74,Delaware,39-041-0002,AQS
6/24/2013,87,New Albany,39-049-0029,AQS
6/25/2013,108,New Albany,39-049-0029,AQS
6/26/2013,50,New Albany,39-049-0029,AQS
6/27/2013,58,New Albany,39-049-0029,AQS
6/28/2013,50,New Albany,39-049-0029,AQS
6/29/2013,44,New Albany,39-049-0029,AQS
6/30/2013,44,London,39-097-0007,AQS
7/1/2013,48,New Albany,39-049-0029,AQS
7/2/2013,50,Delaware,39-041-0002,AQS
7/3/2013,49,New Albany,39-049-0029,AQS
7/4/2013,31,New Albany,39-049-0029,AQS
7/5/2013,35,London,39-097-0007,AQS
7/6/2013,29,New Albany,39-049-0029,AQS
7/7/2013,49,New Albany,39-049-0029,AQS
7/8/2013,49,London,39-097-0007,AQS
7/9/2013,47,New Albany,39-049-0029,AQS
7/10/2013,51,New Albany,39-049-0029,AQS
7/11/2013,38,New Albany,39-049-0029,AQS
7/12/2013,42,New Albany,39-049-0029,AQS
7/13/2013,50,New Albany,39-049-0029,AQS
7/14/2013,32,New Albany,39-049-0029,AQS
7/15/2013,44,Maple Canyon,39-049-0081,AQS
7/16/2013,48,FRANKLIN_PK,39-049-0037,AQS
7/17/2013,49,New Albany,39-049-0029,AQS
7/18/2013,61,New Albany,39-049-0029,AQS
7/19/2013,54,Delaware,39-041-0002,AQS
7/20/2013,41,New Albany,39-049-0029,AQS
7/21/2013,43,New Albany,39-049-0029,AQS
7/22/2013,44,New Albany,39-049-0029,AQS
7/23/2013,54,New Albany,39-049-0029,AQS
7/24/2013,34,New Albany,39-049-0029,AQS
7/25/2013,41,Heath,39-089-0005,AQS
7/26/2013,58,Delaware,39-041-0002,AQS
7/27/2013,38,New Albany,39-049-0029,AQS
7/28/2013,32,New Albany,39-049-0029,AQS
7/29/2013,37,London,39-097-0007,AQS
7/30/2013,54,New Albany,39-049-0029,AQS
7/31/2013,35,New Albany,39-049-0029,AQS
8/1/2013,44,New Albany,39-049-0029,AQS
8/2/2013,54,London,39-097-0007,AQS
8/3/2013,44,New Albany,39-049-0029,AQS
8/4/2013,33,New Albany,39-049-0029,AQS
8/5/2013,40,New Albany,39-049-0029,AQS
8/6/2013,50,Delaware,39-041-0002,AQS
8/7/2013,54,New Albany,39-049-0029,AQS
8/8/2013,40,New Albany,39-049-0029,AQS
8/9/2013,37,New Albany,39-049-0029,AQS
8/10/2013,58,New Albany,39-049-0029,AQS
8/11/2013,48,New Albany,39-049-0029,AQS
8/12/2013,61,New Albany,39-049-0029,AQS
8/13/2013,37,New Albany,39-049-0029,AQS
8/14/2013,29,New Albany,39-049-0029,AQS
8/15/2013,42,FRANKLIN_PK,39-049-0037,AQS
8/16/2013,45,New Albany,39-049-0029,AQS
8/17/2013,51,New Albany,39-049-0029,AQS
8/18/2013,39,Delaware,39-041-0002,AQS
8/19/2013,93,FRANKLIN_PK,39-049-0037,AQS
8/20/2013,84,Maple Canyon,39-049-0081,AQS
8/21/2013,51,Delaware,39-041-0002,AQS
8/22/2013,47,New Albany,39-049-0029,AQS
8/23/2013,42,London,39-097-0007,AQS
8/24/2013,49,London,39-097-0007,AQS
8/25/2013,47,Delaware,39-041-0002,AQS
8/26/2013,71,Heath,39-089-0005,AQS
8/27/2013,45,New Albany,39-049-0029,AQS
8/28/2013,48,New Albany,39-049-0029,AQS
8/29/2013,44,New Albany,39-049-0029,AQS
8/30/2013,77,New Albany,39-049-0029,AQS
8/31/2013,47,New Albany,39-049-0029,AQS
9/1/2013,49,New Albany,39-049-0029,AQS
9/2/2013,41,New Albany,39-049-0029,AQS
9/3/2013,27,New Albany,39-049-0029,AQS
9/4/2013,49,New Albany,39-049-0029,AQS
9/5/2013,43,London,39-097-0007,AQS
9/6/2013,44,New Albany,39-049-0029,AQS
9/7/2013,74,New Albany,39-049-0029,AQS
9/8/2013,50,London,39-097-0007,AQS
9/9/2013,74,New Albany,39-049-0029,AQS
9/10/2013,112,Delaware,39-041-0002,AQS
9/11/2013,97,London,39-097-0007,AQS
9/12/2013,34,New Albany,39-049-0029,AQS
9/13/2013,24,London,39-097-0007,AQS
9/14/2013,35,London,39-097-0007,AQS
9/15/2013,42,New Albany,39-049-0029,AQS
9/16/2013,38,New Albany,39-049-0029,AQS
9/17/2013,41,New Albany,39-049-0029,AQS
9/18/2013,43,London,39-097-0007,AQS
9/19/2013,32,London,39-097-0007,AQS
9/20/2013,49,Delaware,39-041-0002,AQS
9/21/2013,30,London,39-097-0007,AQS
9/22/2013,31,New Albany,39-049-0029,AQS
9/23/2013,33,London,39-097-0007,AQS
9/24/2013,37,New Albany,39-049-0029,AQS
9/25/2013,42,New Albany,39-049-0029,AQS
9/26/2013,45,London,39-097-0007,AQS
9/27/2013,47,London,39-097-0007,AQS
9/28/2013,84,New Albany,39-049-0029,AQS
9/29/2013,38,New Albany,39-049-0029,AQS
9/30/2013,35,London,39-097-0007,AQS
10/1/2013,42,New Albany,39-049-0029,AQS
10/2/2013,41,New Albany,39-049-0029,AQS
10/3/2013,31,New Albany,39-049-0029,AQS
10/4/2013,38,Heath,39-089-0005,AQS
10/5/2013,33,New Albany,39-049-0029,AQS
10/6/2013,35,Heath,39-089-0005,AQS
10/7/2013,20,Delaware,39-041-0002,AQS
10/8/2013,33,New Albany,39-049-0029,AQS
10/9/2013,37,London,39-097-0007,AQS
10/10/2013,37,London,39-097-0007,AQS
10/11/2013,45,Delaware,39-041-0002,AQS
10/12/2013,33,Delaware,39-041-0002,AQS
10/13/2013,28,New Albany,39-049-0029,AQS
10/14/2013,36,Delaware,39-041-0002,AQS
10/15/2013,24,London,39-097-0007,AQS
10/16/2013,21,Delaware,39-041-0002,AQS
10/17/2013,19,Delaware,39-041-0002,AQS
10/18/2013,36,Heath,39-089-0005,AQS
10/19/2013,18,Heath,39-089-0005,AQS
10/20/2013,32,New Albany,39-049-0029,AQS
10/21/2013,35,Delaware,39-041-0002,AQS
10/22/2013,28,Delaware,39-041-0002,AQS
10/23/2013,22,Delaware,39-041-0002,AQS
10/24/2013,27,Delaware,39-041-0002,AQS
10/25/2013,28,Delaware,39-041-0002,AQS
10/26/2013,29,Heath,39-089-0005,AQS
10/27/2013,26,New Albany,39-049-0029,AQS
10/28/2013,31,New Albany,39-049-0029,AQS
10/29/2013,27,New Albany,39-049-0029,AQS
10/30/2013,31,Heath,39-089-0005,AQS
10/31/2013,33,New Albany,39-049-0029,AQS
4/1/2014,48,New Albany,39-049-0029,AQS
4/2/2014,42,Delaware,39-041-0002,AQS
4/3/2014,31,Delaware,39-041-0002,AQS
4/4/2014,39,New Albany,39-049-0029,AQS
4/5/2014,44,Delaware,39-041-0002,AQS
4/6/2014,49,New Albany,39-049-0029,AQS
4/7/2014,38,New Albany,39-049-0029,AQS
4/8/2014,71,New Albany,39-049-0029,AQS
4/9/2014,47,New Albany,39-049-0029,AQS
4/10/2014,51,New Albany,39-049-0029,AQS
4/11/2014,47,New Albany,39-049-0029,AQS
4/12/2014,74,New Albany,39-049-0029,AQS
4/13/2014,47,New Albany,39-049-0029,AQS
4/14/2014,45,New Albany,39-049-0029,AQS
4/15/2014,40,New Albany,39-049-0029,AQS
4/16/2014,44,London,39-097-0007,AQS
4/17/2014,64,New Albany,39-049-0029,AQS
4/18/2014,80,London,39-097-0007,AQS
4/19/2014,50,New Albany,39-049-0029,AQS
4/20/2014,97,New Albany,39-049-0029,AQS
4/21/2014,108,New Albany,39-049-0029,AQS
4/22/2014,46,Heath,39-089-0005,AQS
4/23/2014,42,Maple Canyon,39-049-0081,AQS
4/24/2014,47,London,39-097-0007,AQS
4/25/2014,39,London,39-097-0007,AQS
4/26/2014,50,London,39-097-0007,AQS
4/27/2014,46,Maple Canyon,39-049-0081,AQS
4/28/2014,35,New Albany,39-049-0029,AQS
4/29/2014,47,New Albany,39-049-0029,AQS
4/30/2014,43,New Albany,39-049-0029,AQS
5/1/2014,44,New Albany,39-049-0029,AQS
5/2/2014,30,Delaware,39-041-0002,AQS
5/3/2014,45,New Albany,39-049-0029,AQS
5/4/2014,44,New Albany,39-049-0029,AQS
5/5/2014,37,London,39-097-0007,AQS
5/6/2014,51,London,39-097-0007,AQS
5/7/2014,61,New Albany,39-049-0029,AQS
5/8/2014,67,Delaware,39-041-0002,AQS
5/9/2014,43,New Albany,39-049-0029,AQS
5/10/2014,35,Delaware,39-041-0002,AQS
5/11/2014,47,New Albany,39-049-0029,AQS
5/12/2014,43,Delaware,39-041-0002,AQS
5/13/2014,43,Delaware,39-041-0002,AQS
5/14/2014,37,London,39-097-0007,AQS
5/15/2014,36,London,39-097-0007,AQS
5/16/2014,41,New Albany,39-049-0029,AQS
5/17/2014,42,New Albany,39-049-0029,AQS
5/18/2014,58,London,39-097-0007,AQS
5/19/2014,71,London,39-097-0007,AQS
5/20/2014,58,New Albany,39-049-0029,AQS
5/21/2014,50,London,39-097-0007,AQS
5/22/2014,51,London,39-097-0007,AQS
5/23/2014,44,Delaware,39-041-0002,AQS
5/24/2014,54,London,39-097-0007,AQS
5/25/2014,71,Delaware,39-041-0002,AQS
5/26/2014,77,New Albany,39-049-0029,AQS
5/27/2014,46,London,39-097-0007,AQS
5/28/2014,48,London,39-097-0007,AQS
5/29/2014,49,London,39-097-0007,AQS
5/30/2014,61,London,39-097-0007,AQS
5/31/2014,67,London,39-097-0007,AQS
6/1/2014,71,Delaware,39-041-0002,AQS
6/2/2014,41,Delaware,39-041-0002,AQS
6/3/2014,71,Delaware,39-041-0002,AQS
6/4/2014,40,London,39-097-0007,AQS
6/5/2014,45,London,39-097-0007,AQS
6/6/2014,101,London,39-097-0007,AQS
6/7/2014,115,New Albany,39-049-0029,AQS
6/8/2014,51,Delaware,39-041-0002,AQS
6/9/2014,54,Maple Canyon,39-049-0081,AQS
6/10/2014,41,New Albany,39-049-0029,AQS
6/11/2014,35,New Albany,39-049-0029,AQS
6/12/2014,44,New Albany,39-049-0029,AQS
6/13/2014,48,New Albany,39-049-0029,AQS
6/14/2014,48,New Albany,39-049-0029,AQS
6/15/2014,71,Delaware,39-041-0002,AQS
6/16/2014,44,New Albany,39-049-0029,AQS
6/17/2014,67,New Albany,39-049-0029,AQS
6/18/2014,49,Heath,39-089-0005,AQS
6/19/2014,47,New Albany,39-049-0029,AQS
6/20/2014,41,New Albany,39-049-0029,AQS
6/21/2014,42,New Albany,39-049-0029,AQS
6/22/2014,80,Maple Canyon,39-049-0081,AQS
6/23/2014,74,London,39-097-0007,AQS
6/24/2014,42,London,39-097-0007,AQS
6/25/2014,43,New Albany,39-049-0029,AQS
6/26/2014,54,FRANKLIN_PK,39-049-0037,AQS
6/27/2014,80,Maple Canyon,39-049-0081,AQS
6/28/2014,61,Maple Canyon,39-049-0081,AQS
6/29/2014,45,New Albany,39-049-0029,AQS
6/30/2014,44,New Albany,39-049-0029,AQS
7/1/2014,50,New Albany,39-049-0029,AQS
7/2/2014,47,New Albany,39-049-0029,AQS
7/3/2014,33,Heath,39-089-0005,AQS
7/4/2014,42,New Albany,39-049-0029,AQS
7/5/2014,44,Delaware,39-041-0002,AQS
7/6/2014,80,London,39-097-0007,AQS
7/7/2014,49,London,39-097-0007,AQS
7/8/2014,44,New Albany,39-049-0029,AQS
7/9/2014,47,Heath,39-089-0005,AQS
7/10/2014,49,New Albany,39-049-0029,AQS
7/11/2014,115,FRANKLIN_PK,39-049-0037,AQS
7/12/2014,108,London,39-097-0007,AQS
7/13/2014,42,New Albany,39-049-0029,AQS
7/14/2014,46,New Albany,39-049-0029,AQS
7/15/2014,36,Heath,39-089-0005,AQS
7/16/2014,31,New Albany,39-049-0029,AQS
7/17/2014,44,New Albany,39-049-0029,AQS
7/18/2014,47,New Albany,39-049-0029,AQS
7/19/2014,40,New Albany,39-049-0029,AQS
7/20/2014,38,Delaware,39-041-0002,AQS
7/21/2014,50,Maple Canyon,39-049-0081,AQS
7/22/2014,51,New Albany,39-049-0029,AQS
7/23/2014,39,Heath,39-089-0005,AQS
7/24/2014,33,New Albany,39-049-0029,AQS
7/25/2014,49,New Albany,39-049-0029,AQS
7/26/2014,51,New Albany,39-049-0029,AQS
7/27/2014,42,New Albany,39-049-0029,AQS
7/28/2014,30,New Albany,39-049-0029,AQS
7/29/2014,30,New Albany,39-049-0029,AQS
7/30/2014,40,Heath,39-089-0005,AQS
7/31/2014,50,New Albany,39-049-0029,AQS
8/1/2014,87,FRANKLIN_PK,39-049-0037,AQS
8/2/2014,48,New Albany,39-049-0029,AQS
8/3/2014,74,New Albany,39-049-0029,AQS
8/4/2014,115,FRANKLIN_PK,39-049-0037,AQS
8/5/2014,97,FRANKLIN_PK,39-049-0037,AQS
8/6/2014,51,London,39-097-0007,AQS
8/7/2014,54,London,39-097-0007,AQS
8/8/2014,58,London,39-097-0007,AQS
8/9/2014,67,New Albany,39-049-0029,AQS
8/10/2014,49,Maple Canyon,39-049-0081,AQS
8/11/2014,41,London,39-097-0007,AQS
8/12/2014,40,Heath,39-089-0005,AQS
8/13/2014,38,New Albany,39-049-0029,AQS
8/14/2014,33,New Albany,39-049-0029,AQS
8/15/2014,46,New Albany,39-049-0029,AQS
8/16/2014,49,New Albany,39-049-0029,AQS
8/17/2014,46,New Albany,39-049-0029,AQS
8/18/2014,50,London,39-097-0007,AQS
8/19/2014,71,New Albany,39-049-0029,AQS
8/20/2014,48,New Albany,39-049-0029,AQS
8/21/2014,29,London,39-097-0007,AQS
8/22/2014,43,New Albany,39-049-0029,AQS
8/23/2014,47,London,39-097-0007,AQS
8/24/2014,48,London,39-097-0007,AQS
8/25/2014,44,Delaware,39-041-0002,AQS
8/26/2014,80,New Albany,39-049-0029,AQS
8/27/2014,51,New Albany,39-049-0029,AQS
8/28/2014,44,London,39-097-0007,AQS
8/29/2014,71,FRANKLIN_PK,39-049-0037,AQS
8/30/2014,64,New Albany,39-049-0029,AQS
8/31/2014,29,New Albany,39-049-0029,AQS
9/1/2014,31,Delaware,39-041-0002,AQS
9/2/2014,40,New Albany,39-049-0029,AQS
9/3/2014,50,New Albany,39-049-0029,AQS
9/4/2014,80,New Albany,39-049-0029,AQS
9/5/2014,54,New Albany,39-049-0029,AQS
9/6/2014,29,Heath,39-089-0005,AQS
9/7/2014,36,London,39-097-0007,AQS
9/8/2014,33,Delaware,39-041-0002,AQS
9/9/2014,58,New Albany,39-049-0029,AQS
9/10/2014,39,New Albany,39-049-0029,AQS
9/11/2014,27,Delaware,39-041-0002,AQS
9/12/2014,27,Maple Canyon,39-049-0081,AQS
9/13/2014,29,London,39-097-0007,AQS
9/14/2014,38,Maple Canyon,39-049-0081,AQS
9/15/2014,44,New Albany,39-049-0029,AQS
9/16/2014,34,New Albany,39-049-0029,AQS
9/17/2014,43,New Albany,39-049-0029,AQS
9/18/2014,54,London,39-097-0007,AQS
9/19/2014,47,FRANKLIN_PK,39-049-0037,AQS
9/20/2014,50,Delaware,39-041-0002,AQS
9/21/2014,35,New Albany,39-049-0029,AQS
9/22/2014,29,Delaware,39-041-0002,AQS
9/23/2014,38,London,39-097-0007,AQS
9/24/2014,44,New Albany,39-049-0029,AQS
9/25/2014,46,London,39-097-0007,AQS
9/26/2014,49,Delaware,39-041-0002,AQS
9/27/2014,47,London,39-097-0007,AQS
9/28/2014,61,New Albany,39-049-0029,AQS
9/29/2014,58,New Albany,39-049-0029,AQS
9/30/2014,28,London,39-097-0007,AQS
10/1/2014,37,London,39-097-0007,AQS
10/2/2014,61,New Albany,39-049-0029,AQS
10/3/2014,41,New Albany,39-049-0029,AQS
10/4/2014,23,London,39-097-0007,AQS
10/5/2014,32,London,39-097-0007,AQS
10/6/2014,30,New Albany,39-049-0029,AQS
10/7/2014,27,Heath,39-089-0005,AQS
10/8/2014,37,New Albany,39-049-0029,AQS
10/9/2014,28,Delaware,39-041-0002,AQS
10/10/2014,26,Delaware,39-041-0002,AQS
10/11/2014,34,Maple Canyon,39-049-0081,AQS
10/12/2014,31,Delaware,39-041-0002,AQS
10/13/2014,29,Heath,39-089-0005,AQS
10/14/2014,31,New Albany,39-049-0029,AQS
10/15/2014,22,Heath,39-089-0005,AQS
10/16/2014,24,Delaware,39-041-0002,AQS
10/17/2014,38,Heath,39-089-0005,AQS
10/18/2014,23,New Albany,39-049-0029,AQS
10/19/2014,31,New Albany,39-049-0029,AQS
10/20/2014,29,London,39-097-0007,AQS
10/21/2014,20,London,39-097-0007,AQS
10/22/2014,23,Heath,39-089-0005,AQS
10/23/2014,31,London,39-097-0007,AQS
10/24/2014,39,Delaware,39-041-0002,AQS
10/25/2014,42,New Albany,39-049-0029,AQS
10/26/2014,37,New Albany,39-049-0029,AQS
10/27/2014,49,London,39-097-0007,AQS
10/28/2014,41,Heath,39-089-0005,AQS
10/29/2014,25,New Albany,39-049-0029,AQS
10/30/2014,17,Delaware,39-041-0002,AQS
10/31/2014,18,London,39-097-0007,AQS
4/1/2015,46,Delaware,39-041-0002,AQS
4/2/2015,39,New Albany,39-049-0029,AQS
4/3/2015,40,Heath,39-089-0005,AQS
4/4/2015,39,New Albany,39-049-0029,AQS
4/5/2015,44,Delaware,39-041-0002,AQS
4/6/2015,38,New Albany,39-049-0029,AQS
4/7/2015,29,Heath,39-089-0005,AQS
4/8/2015,42,London,39-097-0007,AQS
4/9/2015,32,Heath,39-089-0005,AQS
4/10/2015,43,New Albany,39-049-0029,AQS
4/11/2015,44,New Albany,39-049-0029,AQS
4/12/2015,49,New Albany,39-049-0029,AQS
4/13/2015,42,Delaware,39-041-0002,AQS
4/14/2015,42,New Albany,39-049-0029,AQS
4/15/2015,47,Delaware,39-041-0002,AQS
4/16/2015,37,Heath,39-089-0005,AQS
4/17/2015,50,London,39-097-0007,AQS
4/18/2015,80,New Albany,39-049-0029,AQS
4/19/2015,49,Heath,39-089-0005,AQS
4/20/2015,44,New Albany,39-049-0029,AQS
4/21/2015,44,Delaware,39-041-0002,AQS
4/22/2015,36,New Albany,39-049-0029,AQS
4/23/2015,42,New Albany,39-049-0029,AQS
4/24/2015,54,New Albany,39-049-0029,AQS
4/25/2015,44,New Albany,39-049-0029,AQS
4/26/2015,42,New Albany,39-049-0029,AQS
4/27/2015,37,London,39-097-0007,AQS
4/28/2015,45,New Albany,39-049-0029,AQS
4/29/2015,54,New Albany,39-049-0029,AQS
4/30/2015,41,London,39-097-0007,AQS
5/1/2015,47,New Albany,39-049-0029,AQS
5/2/2015,64,New Albany,39-049-0029,AQS
5/3/2015,77,New Albany,39-049-0029,AQS
5/4/2015,74,New Albany,39-049-0029,AQS
5/5/2015,97,New Albany,39-049-0029,AQS
5/6/2015,100,London,39-097-0007,AQS
5/7/2015,108,Delaware,39-041-0002,AQS
5/8/2015,112,New Albany,39-049-0029,AQS
5/9/2015,84,New Albany,39-049-0029,AQS
5/10/2015,54,New Albany,39-049-0029,AQS
5/11/2015,49,New Albany,39-049-0029,AQS
5/12/2015,43,Heath,39-089-0005,AQS
5/13/2015,34,New Albany,39-049-0029,AQS
5/14/2015,45,New Albany,39-049-0029,AQS
5/15/2015,80,New Albany,39-049-0029,AQS
5/16/2015,36,Heath,39-089-0005,AQS
5/17/2015,36,New Albany,39-049-0029,AQS
5/18/2015,36,New Albany,39-049-0029,AQS
5/19/2015,34,Heath,39-089-0005,AQS
5/20/2015,34,New Albany,39-049-0029,AQS
5/21/2015,46,New Albany,39-049-0029,AQS
5/22/2015,64,New Albany,39-049-0029,AQS
5/23/2015,90,New Albany,39-049-0029,AQS
5/24/2015,80,London,39-097-0007,AQS
5/25/2015,43,New Albany,39-049-0029,AQS
5/26/2015,37,New Albany,39-049-0029,AQS
5/27/2015,54,Delaware,39-041-0002,AQS
5/28/2015,64,London,39-097-0007,AQS
5/29/2015,45,New Albany,39-049-0029,AQS
5/30/2015,40,New Albany,39-049-0029,AQS
5/31/2015,32,Heath,39-089-0005,AQS
6/1/2015,29,Delaware,39-041-0002,AQS
6/2/2015,38,Delaware,39-041-0002,AQS
6/3/2015,39,London,39-097-0007,AQS
6/4/2015,50,London,39-097-0007,AQS
6/5/2015,97,London,39-097-0007,AQS
6/6/2015,46,New Albany,39-049-0029,AQS
6/7/2015,77,London,39-097-0007,AQS
6/8/2015,47,London,39-097-0007,AQS
6/9/2015,42,Heath,39-089-0005,AQS
6/10/2015,112,New Albany,39-049-0029,AQS
6/11/2015,101,New Albany,39-049-0029,AQS
6/12/2015,58,London,39-097-0007,AQS
6/13/2015,47,New Albany,39-049-0029,AQS
6/14/2015,37,New Albany,39-049-0029,AQS
6/15/2015,34,New Albany,39-049-0029,AQS
6/16/2015,44,New Albany,39-049-0029,AQS
6/17/2015,34,New Albany,39-049-0029,AQS
6/18/2015,36,New Albany,39-049-0029,AQS
6/19/2015,37,New Albany,39-049-0029,AQS
6/20/2015,23,London,39-097-0007,AQS
6/21/2015,49,New Albany,39-049-0029,AQS
6/22/2015,49,New Albany,39-049-0029,AQS
6/23/2015,50,New Albany,39-049-0029,AQS
6/24/2015,77,New Albany,39-049-0029,AQS
6/25/2015,50,London,39-097-0007,AQS
6/26/2015,40,New Albany,39-049-0029,AQS
6/27/2015,43,London,39-097-0007,AQS
6/28/2015,44,London,39-097-0007,AQS
6/29/2015,31,New Albany,39-049-0029,AQS
6/30/2015,43,Heath,39-089-0005,AQS
7/1/2015,46,Heath,39-089-0005,AQS
7/2/2015,42,London,39-097-0007,AQS
7/3/2015,44,New Albany,39-049-0029,AQS
7/4/2015,54,New Albany,39-049-0029,AQS
7/5/2015,49,London,39-097-0007,AQS
7/6/2015,90,New Albany,39-049-0029,AQS
7/7/2015,36,New Albany,39-049-0029,AQS
7/8/2015,29,Delaware,39-041-0002,AQS
7/9/2015,30,London,39-097-0007,AQS
7/10/2015,38,London,39-097-0007,AQS
7/11/2015,71,FRANKLIN_PK,39-049-0037,AQS
7/12/2015,35,London,39-097-0007,AQS
7/13/2015,42,London,39-097-0007,AQS
7/14/2015,42,New Albany,39-049-0029,AQS
7/15/2015,30,Heath,39-089-0005,AQS
7/16/2015,51,Maple Canyon,39-049-0081,AQS
7/17/2015,41,New Albany,39-049-0029,AQS
7/18/2015,51,New Albany,39-049-0029,AQS
7/19/2015,43,New Albany,39-049-0029,AQS
7/20/2015,47,New Albany,39-049-0029,AQS
7/21/2015,44,New Albany,39-049-0029,AQS
7/22/2015,40,FRANKLIN_PK,39-049-0037,AQS
7/23/2015,51,FRANKLIN_PK,39-049-0037,AQS
7/24/2015,58,New Albany,39-049-0029,AQS
7/25/2015,84,London,39-097-0007,AQS
7/26/2015,50,New Albany,39-049-0029,AQS
7/27/2015,45,New Albany,39-049-0029,AQS
7/28/2015,80,New Albany,39-049-0029,AQS
7/29/2015,101,New Albany,39-049-0029,AQS
7/30/2015,44,New Albany,39-049-0029,AQS
7/31/2015,44,New Albany,39-049-0029,AQS
8/1/2015,36,New Albany,39-049-0029,AQS
8/2/2015,54,New Albany,39-049-0029,AQS
8/3/2015,51,New Albany,39-049-0029,AQS
8/4/2015,61,New Albany,39-049-0029,AQS
8/5/2015,51,London,39-097-0007,AQS
8/6/2015,26,New Albany,39-049-0029,AQS
8/7/2015,47,New Albany,39-049-0029,AQS
8/8/2015,51,Heath,39-089-0005,AQS
8/9/2015,50,New Albany,39-049-0029,AQS
8/10/2015,38,New Albany,39-049-0029,AQS
8/11/2015,38,New Albany,39-049-0029,AQS
8/12/2015,35,New Albany,39-049-0029,AQS
8/13/2015,48,New Albany,39-049-0029,AQS
8/14/2015,74,New Albany,39-049-0029,AQS
8/15/2015,67,FRANKLIN_PK,39-049-0037,AQS
8/16/2015,74,New Albany,39-049-0029,AQS
8/17/2015,49,New Albany,39-049-0029,AQS
8/18/2015,45,Delaware,39-041-0002,AQS
8/19/2015,36,New Albany,39-049-0029,AQS
8/20/2015,38,New Albany,39-049-0029,AQS
8/21/2015,61,FRANKLIN_PK,39-049-0037,AQS
8/22/2015,51,New Albany,39-049-0029,AQS
8/23/2015,74,New Albany,39-049-0029,AQS
8/24/2015,37,Heath,39-089-0005,AQS
8/25/2015,36,London,39-097-0007,AQS
8/26/2015,30,New Albany,39-049-0029,AQS
8/27/2015,36,FRANKLIN_PK,39-049-0037,AQS
8/28/2015,49,Maple Canyon,39-049-0081,AQS
8/29/2015,49,New Albany,39-049-0029,AQS
8/30/2015,44,New Albany,39-049-0029,AQS
8/31/2015,64,New Albany,39-049-0029,AQS
9/1/2015,77,New Albany,39-049-0029,AQS
9/2/2015,54,New Albany,39-049-0029,AQS
9/3/2015,67,London,39-097-0007,AQS
9/4/2015,47,London,39-097-0007,AQS
9/5/2015,77,FRANKLIN_PK,39-049-0037,AQS
9/6/2015,67,New Albany,39-049-0029,AQS
9/7/2015,58,New Albany,39-049-0029,AQS
9/8/2015,58,New Albany,39-049-0029,AQS
9/9/2015,38,Heath,39-089-0005,AQS
9/10/2015,42,New Albany,39-049-0029,AQS
9/11/2015,44,Heath,39-089-0005,AQS
9/12/2015,29,New Albany,39-049-0029,AQS
9/13/2015,33,London,39-097-0007,AQS
9/14/2015,46,New Albany,39-049-0029,AQS
9/15/2015,61,New Albany,39-049-0029,AQS
9/16/2015,67,New Albany,39-049-0029,AQS
9/17/2015,80,New Albany,39-049-0029,AQS
9/18/2015,64,New Albany,39-049-0029,AQS
9/19/2015,40,Heath,39-089-0005,AQS
9/20/2015,34,London,39-097-0007,AQS
9/21/2015,37,London,39-097-0007,AQS
9/22/2015,51,London,39-097-0007,AQS
9/23/2015,71,London,39-097-0007,AQS
9/24/2015,71,London,39-097-0007,AQS
9/25/2015,54,London,39-097-0007,AQS
9/26/2015,37,New Albany,39-049-0029,AQS
9/27/2015,32,New Albany,39-049-0029,AQS
9/28/2015,31,Delaware,39-041-0002,AQS
9/29/2015,25,Heath,39-089-0005,AQS
9/30/2015,24,Delaware,39-041-0002,AQS
10/1/2015,26,Delaware,39-041-0002,AQS
10/2/2015,24,Delaware,39-041-0002,AQS
10/3/2015,19,Delaware,39-041-0002,AQS
10/4/2015,26,New Albany,39-049-0029,AQS
10/5/2015,31,London,39-097-0007,AQS
10/6/2015,39,New Albany,39-049-0029,AQS
10/7/2015,39,New Albany,39-049-0029,AQS
10/8/2015,47,London,39-097-0007,AQS
10/9/2015,27,London,39-097-0007,AQS
10/10/2015,35,London,39-097-0007,AQS
10/11/2015,44,Delaware,39-041-0002,AQS
10/12/2015,45,New Albany,39-049-0029,AQS
10/13/2015,22,Delaware,39-041-0002,AQS
10/14/2015,28,New Albany,39-049-0029,AQS
10/15/2015,36,Delaware,39-041-0002,AQS
10/16/2015,35,London,39-097-0007,AQS
10/17/2015,30,Delaware,39-041-0002,AQS
10/18/2015,33,Delaware,39-041-0002,AQS
10/19/2015,41,London,39-097-0007,AQS
10/20/2015,47,New Albany,39-049-0029,AQS
10/21/2015,48,Delaware,39-041-0002,AQS
10/22/2015,49,London,39-097-0007,AQS
10/23/2015,36,Delaware,39-041-0002,AQS
10/24/2015,30,New Albany,39-049-0029,AQS
10/25/2015,30,Delaware,39-041-0002,AQS
10/26/2015,31,Delaware,39-041-0002,AQS
10/27/2015,25,New Albany,39-049-0029,AQS
10/28/2015,24,New Albany,39-049-0029,AQS
10/29/2015,28,New Albany,39-049-0029,AQS
10/30/2015,17,Heath,39-089-0005,AQS
10/31/2015,21,New Albany,39-049-0029,AQS
4/1/2016,39,New Albany,39-049-0029,AQS
4/2/2016,38,Delaware,39-041-0002,AQS
4/3/2016,42,New Albany,39-049-0029,AQS
4/4/2016,37,Delaware,39-041-0002,AQS
4/5/2016,42,Delaware,39-041-0002,AQS
4/6/2016,44,New Albany,39-049-0029,AQS
4/7/2016,38,Delaware,39-041-0002,AQS
4/8/2016,36,Delaware,39-041-0002,AQS
4/9/2016,39,Delaware,39-041-0002,AQS
4/10/2016,39,New Albany,39-049-0029,AQS
4/11/2016,39,London,39-097-0007,AQS
4/12/2016,39,New Albany,39-049-0029,AQS
4/13/2016,44,Maple Canyon,39-049-0081,AQS
4/14/2016,51,Maple Canyon,39-049-0081,AQS
4/15/2016,74,Maple Canyon,39-049-0081,AQS
4/16/2016,84,Delaware,39-041-0002,AQS
4/17/2016,93,Maple Canyon,39-049-0081,AQS
4/18/2016,119,New Albany,39-049-0029,AQS
4/19/2016,46,New Albany,39-049-0029,AQS
4/20/2016,80,New Albany,39-049-0029,AQS
4/21/2016,48,New Albany,39-049-0029,AQS
4/22/2016,48,London,39-097-0007,AQS
4/23/2016,37,Delaware,39-041-0002,AQS
4/24/2016,64,New Albany,39-049-0029,AQS
4/25/2016,77,Delaware,39-041-0002,AQS
4/26/2016,48,Heath,39-089-0005,AQS
4/27/2016,39,Delaware,39-041-0002,AQS
4/28/2016,31,Delaware,39-041-0002,AQS
4/29/2016,39,London,39-097-0007,AQS
4/30/2016,29,New Albany,39-049-0029,AQS
5/1/2016,47,London,39-097-0007,AQS
5/2/2016,31,Delaware,39-041-0002,AQS
5/3/2016,41,New Albany,39-049-0029,AQS
5/4/2016,42,Heath,39-089-0005,AQS
5/5/2016,42,New Albany,39-049-0029,AQS
5/6/2016,45,Delaware,39-041-0002,AQS
5/7/2016,44,New Albany,39-049-0029,AQS
5/8/2016,40,Delaware,39-041-0002,AQS
5/9/2016,35,Delaware,39-041-0002,AQS
5/10/2016,45,London,39-097-0007,AQS
5/11/2016,51,London,39-097-0007,AQS
5/12/2016,71,Delaware,39-041-0002,AQS
5/13/2016,36,New Albany,39-049-0029,AQS
5/14/2016,31,London,39-097-0007,AQS
5/15/2016,42,London,39-097-0007,AQS
5/16/2016,44,Delaware,39-041-0002,AQS
5/17/2016,43,Heath,39-089-0005,AQS
5/18/2016,46,Maple Canyon,39-049-0081,AQS
5/19/2016,51,London,39-097-0007,AQS
5/20/2016,46,Delaware,39-041-0002,AQS
5/21/2016,44,London,39-097-0007,AQS
5/22/2016,51,New Albany,39-049-0029,AQS
5/23/2016,74,London,39-097-0007,AQS
5/24/2016,100,Delaware,39-041-0002,AQS
5/25/2016,77,New Albany,39-049-0029,AQS
5/26/2016,47,New Albany,39-049-0029,AQS
5/27/2016,61,New Albany,39-049-0029,AQS
5/28/2016,49,Heath,39-089-0005,AQS
5/29/2016,48,New Albany,39-049-0029,AQS
5/30/2016,71,New Albany,39-049-0029,AQS
5/31/2016,97,New Albany,39-049-0029,AQS
6/1/2016,87,New Albany,39-049-0029,AQS
6/2/2016,90,New Albany,39-049-0029,AQS
6/3/2016,101,New Albany,39-049-0029,AQS
6/4/2016,50,New Albany,39-049-0029,AQS
6/5/2016,47,New Albany,39-049-0029,AQS
6/6/2016,64,New Albany,39-049-0029,AQS
6/7/2016,34,London,39-097-0007,AQS
6/8/2016,44,London,39-097-0007,AQS
6/9/2016,71,London,39-097-0007,AQS
6/10/2016,64,Heath,39-089-0005,AQS
6/11/2016,105,New Albany,39-049-0029,AQS
6/12/2016,51,New Albany,39-049-0029,AQS
6/13/2016,64,FRANKLIN_PK,39-049-0037,AQS
6/14/2016,97,Maple Canyon,39-049-0081,AQS
6/15/2016,71,New Albany,39-049-0029,AQS
6/16/2016,49,London,39-097-0007,AQS
6/17/2016,64,London,39-097-0007,AQS
6/18/2016,77,Maple Canyon,39-049-0081,AQS
6/19/2016,58,New Albany,39-049-0029,AQS
6/20/2016,74,New Albany,39-049-0029,AQS
6/21/2016,93,London,39-097-0007,AQS
6/22/2016,49,Heath,39-089-0005,AQS
6/23/2016,49,London,39-097-0007,AQS
6/24/2016,71,New Albany,39-049-0029,AQS
6/25/2016,126,New Albany,39-049-0029,AQS
6/26/2016,84,London,39-097-0007,AQS
6/27/2016,49,New Albany,39-049-0029,AQS
6/28/2016,45,New Albany,39-049-0029,AQS
6/29/2016,50,Maple Canyon,39-049-0081,AQS
6/30/2016,100,Maple Canyon,39-049-0081,AQS
7/1/2016,61,Heath,39-089-0005,AQS
7/2/2016,42,London,39-097-0007,AQS
7/3/2016,38,New Albany,39-049-0029,AQS
7/4/2016,32,Delaware,39-041-0002,AQS
7/5/2016,44,Delaware,39-041-0002,AQS
7/6/2016,47,New Albany,39-049-0029,AQS
7/7/2016,58,London,39-097-0007,AQS
7/8/2016,48,New Albany,39-049-0029,AQS
7/9/2016,43,New Albany,39-049-0029,AQS
7/10/2016,42,London,39-097-0007,AQS
7/11/2016,61,Delaware,39-041-0002,AQS
7/12/2016,48,Delaware,39-041-0002,AQS
7/13/2016,50,New Albany,39-049-0029,AQS
7/14/2016,46,New Albany,39-049-0029,AQS
7/15/2016,44,New Albany,39-049-0029,AQS
7/16/2016,43,Heath,39-089-0005,AQS
7/17/2016,51,New Albany,39-049-0029,AQS
7/18/2016,51,Heath,39-089-0005,AQS
7/19/2016,61,FRANKLIN_PK,39-049-0037,AQS
7/20/2016,101,FRANKLIN_PK,39-049-0037,AQS
7/21/2016,105,New Albany,39-049-0029,AQS
7/22/2016,42,New Albany,39-049-0029,AQS
7/23/2016,71,New Albany,39-049-0029,AQS
7/24/2016,58,London,39-097-0007,AQS
7/25/2016,67,Heath,39-089-0005,AQS
7/26/2016,64,FRANKLIN_PK,39-049-0037,AQS
7/27/2016,90,FRANKLIN_PK,39-049-0037,AQS
7/28/2016,46,London,39-097-0007,AQS
7/29/2016,49,Heath,39-089-0005,AQS
7/30/2016,44,New Albany,39-049-0029,AQS
7/31/2016,40,New Albany,39-049-0029,AQS
8/1/2016,54,New Albany,39-049-0029,AQS
8/2/2016,58,FRANKLIN_PK,39-049-0037,AQS
8/3/2016,101,New Albany,39-049-0029,AQS
8/4/2016,42,Maple Canyon,39-049-0081,AQS
8/5/2016,87,New Albany,39-049-0029,AQS
8/6/2016,48,New Albany,39-049-0029,AQS
8/7/2016,47,London,39-097-0007,AQS
8/8/2016,54,London,39-097-0007,AQS
8/9/2016,49,Delaware,39-041-0002,AQS
8/10/2016,40,New Albany,39-049-0029,AQS
8/11/2016,38,New Albany,39-049-0029,AQS
8/12/2016,41,New Albany,39-049-0029,AQS
8/13/2016,30,New Albany,39-049-0029,AQS
8/14/2016,32,New Albany,39-049-0029,AQS
8/15/2016,40,New Albany,39-049-0029,AQS
8/16/2016,28,New Albany,39-049-0029,AQS
8/17/2016,35,New Albany,39-049-0029,AQS
8/18/2016,44,New Albany,39-049-0029,AQS
8/19/2016,44,New Albany,39-049-0029,AQS
8/20/2016,30,New Albany,39-049-0029,AQS
8/21/2016,28,New Albany,39-049-0029,AQS
8/22/2016,35,New Albany,39-049-0029,AQS
8/23/2016,49,New Albany,39-049-0029,AQS
8/24/2016,40,New Albany,39-049-0029,AQS
8/25/2016,40,New Albany,39-049-0029,AQS
8/26/2016,51,New Albany,39-049-0029,AQS
8/27/2016,43,Delaware,39-041-0002,AQS
8/28/2016,50,Maple Canyon,39-049-0081,AQS
8/29/2016,47,London,39-097-0007,AQS
8/30/2016,119,Maple Canyon,39-049-0081,AQS
8/31/2016,47,New Albany,39-049-0029,AQS
9/1/2016,31,London,39-097-0007,AQS
9/2/2016,32,London,39-097-0007,AQS
9/3/2016,37,London,39-097-0007,AQS
9/4/2016,45,London,39-097-0007,AQS
9/5/2016,64,New Albany,39-049-0029,AQS
9/6/2016,61,Heath,39-089-0005,AQS
9/7/2016,51,London,39-097-0007,AQS
9/8/2016,48,New Albany,39-049-0029,AQS
9/9/2016,39,New Albany,39-049-0029,AQS
9/10/2016,39,Heath,39-089-0005,AQS
9/11/2016,30,New Albany,39-049-0029,AQS
9/12/2016,44,Maple Canyon,39-049-0081,AQS
9/13/2016,58,New Albany,39-049-0029,AQS
9/14/2016,47,London,39-097-0007,AQS
9/15/2016,37,London,39-097-0007,AQS
9/16/2016,51,New Albany,39-049-0029,AQS
9/17/2016,41,Heath,39-089-0005,AQS
9/18/2016,36,New Albany,39-049-0029,AQS
9/19/2016,45,Maple Canyon,39-049-0081,AQS
9/20/2016,58,FRANKLIN_PK,39-049-0037,AQS
9/21/2016,71,Maple Canyon,39-049-0081,AQS
9/22/2016,115,Maple Canyon,39-049-0081,AQS
9/23/2016,112,London,39-097-0007,AQS
9/24/2016,37,New Albany,39-049-0029,AQS
9/25/2016,51,FRANKLIN_PK,39-049-0037,AQS
9/26/2016,34,New Albany,39-049-0029,AQS
9/27/2016,39,New Albany,39-049-0029,AQS
9/28/2016,31,New Albany,39-049-0029,AQS
9/29/2016,31,New Albany,39-049-0029,AQS
9/30/2016,17,New Albany,39-049-0029,AQS
10/1/2016,33,London,39-097-0007,AQS
10/2/2016,35,New Albany,39-049-0029,AQS
10/3/2016,40,Heath,39-089-0005,AQS
10/4/2016,44,London,39-097-0007,AQS
10/5/2016,48,New Albany,39-049-0029,AQS
10/6/2016,48,London,39-097-0007,AQS
10/7/2016,37,Delaware,39-041-0002,AQS
10/8/2016,37,New Albany,39-049-0029,AQS
10/9/2016,30,London,39-097-0007,AQS
10/10/2016,33,London,39-097-0007,AQS
10/11/2016,33,London,39-097-0007,AQS
10/12/2016,58,New Albany,39-049-0029,AQS
10/13/2016,28,London,39-097-0007,AQS
10/14/2016,33,London,39-097-0007,AQS
10/15/2016,46,London,39-097-0007,AQS
10/16/2016,41,New Albany,39-049-0029,AQS
10/17/2016,39,New Albany,39-049-0029,AQS
10/18/2016,39,London,39-097-0007,AQS
10/19/2016,38,New Albany,39-049-0029,AQS
10/20/2016,31,New Albany,39-049-0029,AQS
10/21/2016,29,Heath,39-089-0005,AQS
10/22/2016,26,London,39-097-0007,AQS
10/23/2016,43,New Albany,39-049-0029,AQS
10/24/2016,32,London,39-097-0007,AQS
10/25/2016,30,New Albany,39-049-0029,AQS
10/26/2016,23,New Albany,39-049-0029,AQS
10/27/2016,27,Heath,39-089-0005,AQS
10/28/2016,33,Heath,39-089-0005,AQS
10/29/2016,47,New Albany,39-049-0029,AQS
10/30/2016,31,Heath,39-089-0005,AQS
10/31/2016,27,New Albany,39-049-0029,AQS
3/1/2017,36,New Albany,39-049-0029,AQS
3/2/2017,35,Delaware,39-041-0002,AQS
3/3/2017,37,New Albany,39-049-0029,AQS
3/4/2017,37,New Albany,39-049-0029,AQS
3/5/2017,43,Heath,39-089-0005,AQS
3/6/2017,41,Heath,39-089-0005,AQS
3/7/2017,40,New Albany,39-049-0029,AQS
3/8/2017,44,New Albany,39-049-0029,AQS
3/9/2017,42,Delaware,39-041-0002,AQS
3/10/2017,39,New Albany,39-049-0029,AQS
3/11/2017,37,New Albany,39-049-0029,AQS
3/12/2017,38,New Albany,39-049-0029,AQS
3/13/2017,31,Delaware,39-041-0002,AQS
3/14/2017,39,New Albany,39-049-0029,AQS
3/15/2017,40,New Albany,39-049-0029,AQS
3/16/2017,42,New Albany,39-049-0029,AQS
3/17/2017,37,New Albany,39-049-0029,AQS
3/18/2017,23,New Albany,39-049-0029,AQS
3/19/2017,31,New Albany,39-049-0029,AQS
3/20/2017,31,Heath,39-089-0005,AQS
3/21/2017,43,New Albany,39-049-0029,AQS
3/22/2017,41,New Albany,39-049-0029,AQS
3/23/2017,44,New Albany,39-049-0029,AQS
3/24/2017,50,New Albany,39-049-0029,AQS
3/25/2017,48,New Albany,39-049-0029,AQS
3/26/2017,43,New Albany,39-049-0029,AQS
3/27/2017,43,New Albany,39-049-0029,AQS
3/28/2017,31,London,39-097-0007,AQS
3/29/2017,44,New Albany,39-049-0029,AQS
3/30/2017,44,New Albany,39-049-0029,AQS
3/31/2017,36,London,39-097-0007,AQS
4/1/2017,35,New Albany,39-049-0029,AQS
4/2/2017,42,New Albany,39-049-0029,AQS
4/3/2017,42,New Albany,39-049-0029,AQS
4/4/2017,36,New Albany,39-049-0029,AQS
4/5/2017,47,New Albany,39-049-0029,AQS
4/6/2017,34,London,39-097-0007,AQS
4/7/2017,41,New Albany,39-049-0029,AQS
4/8/2017,47,New Albany,39-049-0029,AQS
4/9/2017,64,New Albany,39-049-0029,AQS
4/10/2017,67,New Albany,39-049-0029,AQS
4/11/2017,38,New Albany,39-049-0029,AQS
4/12/2017,44,New Albany,39-049-0029,AQS
4/13/2017,46,London,39-097-0007,AQS
4/14/2017,54,New Albany,39-049-0029,AQS
4/15/2017,58,New Albany,39-049-0029,AQS
4/16/2017,46,New Albany,39-049-0029,AQS
4/17/2017,45,New Albany,39-049-0029,AQS
4/18/2017,61,New Albany,39-049-0029,AQS
4/19/2017,44,New Albany,39-049-0029,AQS
4/20/2017,49,New Albany,39-049-0029,AQS
4/21/2017,38,New Albany,39-049-0029,AQS
4/22/2017,38,New Albany,39-049-0029,AQS
4/23/2017,47,New Albany,39-049-0029,AQS
4/24/2017,47,New Albany,39-049-0029,AQS
4/25/2017,42,New Albany,39-049-0029,AQS
4/26/2017,61,London,39-097-0007,AQS
4/27/2017,46,New Albany,39-049-0029,AQS
4/28/2017,38,New Albany,39-049-0029,AQS
4/29/2017,41,London,39-097-0007,AQS
4/30/2017,34,New Albany,39-049-0029,AQS
5/1/2017,44,New Albany,39-049-0029,AQS
5/2/2017,47,New Albany,39-049-0029,AQS
5/3/2017,37,New Albany,39-049-0029,AQS
5/4/2017,39,New Albany,39-049-0029,AQS
5/5/2017,38,London,39-097-0007,AQS
5/6/2017,37,New Albany,39-049-0029,AQS
5/7/2017,44,New Albany,39-049-0029,AQS
5/8/2017,48,London,39-097-0007,AQS
5/9/2017,46,London,39-097-0007,AQS
5/10/2017,80,New Albany,39-049-0029,AQS
5/11/2017,44,New Albany,39-049-0029,AQS
5/12/2017,44,Maple Canyon,39-049-0081,AQS
5/13/2017,54,New Albany,39-049-0029,AQS
5/14/2017,64,New Albany,39-049-0029,AQS
5/15/2017,46,FRANKLIN_PK,39-049-0037,AQS
5/16/2017,97,New Albany,39-049-0029,AQS
5/17/2017,54,New Albany,39-049-0029,AQS
5/18/2017,46,New Albany,39-049-0029,AQS
5/19/2017,46,New Albany,39-049-0029,AQS
5/20/2017,34,New Albany,39-049-0029,AQS
5/21/2017,36,New Albany,39-049-0029,AQS
5/22/2017,48,London,39-097-0007,AQS
5/23/2017,61,New Albany,39-049-0029,AQS
5/24/2017,31,London,39-097-0007,AQS
5/25/2017,39,London,39-097-0007,AQS
5/26/2017,58,London,39-097-0007,AQS
5/27/2017,48,New Albany,39-049-0029,AQS
5/28/2017,47,New Albany,39-049-0029,AQS
5/29/2017,48,New Albany,39-049-0029,AQS
5/30/2017,54,New Albany,39-049-0029,AQS
5/31/2017,58,New Albany,39-049-0029,AQS
6/1/2017,64,New Albany,39-049-0029,AQS
6/2/2017,64,London,39-097-0007,AQS
6/3/2017,108,New Albany,39-049-0029,AQS
6/4/2017,100,New Albany,39-049-0029,AQS
6/5/2017,61,New Albany,39-049-0029,AQS
6/6/2017,41,New Albany,39-049-0029,AQS
6/7/2017,29,London,39-097-0007,AQS
6/8/2017,44,New Albany,39-049-0029,AQS
6/9/2017,87,New Albany,39-049-0029,AQS
6/10/2017,100,New Albany,39-049-0029,AQS
6/11/2017,67,New Albany,39-049-0029,AQS
6/12/2017,64,New Albany,39-049-0029,AQS
6/13/2017,48,New Albany,39-049-0029,AQS
6/14/2017,51,Heath,39-089-0005,AQS
6/15/2017,49,Heath,39-089-0005,AQS
6/16/2017,87,New Albany,39-049-0029,AQS
6/17/2017,77,New Albany,39-049-0029,AQS
6/18/2017,40,New Albany,39-049-0029,AQS
6/19/2017,44,New Albany,39-049-0029,AQS
6/20/2017,51,New Albany,39-049-0029,AQS
6/21/2017,100,Heath,39-089-0005,AQS
6/22/2017,42,New Albany,39-049-0029,AQS
6/23/2017,32,London,39-097-0007,AQS
6/24/2017,40,New Albany,39-049-0029,AQS
6/25/2017,40,New Albany,39-049-0029,AQS
6/26/2017,36,New Albany,39-049-0029,AQS
6/27/2017,34,New Albany,39-049-0029,AQS
6/28/2017,50,New Albany,39-049-0029,AQS
6/29/2017,48,Delaware,39-041-0002,AQS
6/30/2017,30,Delaware,39-041-0002,AQS
7/1/2017,44,New Albany,39-049-0029,AQS
7/2/2017,48,New Albany,39-049-0029,AQS
7/3/2017,71,Heath,39-089-0005,AQS
7/4/2017,48,London,39-097-0007,AQS
7/5/2017,64,FRANKLIN_PK,39-049-0037,AQS
7/6/2017,41,New Albany,39-049-0029,AQS
7/7/2017,50,New Albany,39-049-0029,AQS
7/8/2017,35,New Albany,39-049-0029,AQS
7/9/2017,44,New Albany,39-049-0029,AQS
7/10/2017,44,London,39-097-0007,AQS
7/11/2017,46,New Albany,39-049-0029,AQS
7/12/2017,61,New Albany,39-049-0029,AQS
7/13/2017,36,New Albany,39-049-0029,AQS
7/14/2017,48,Heath,39-089-0005,AQS
7/15/2017,41,New Albany,39-049-0029,AQS
7/16/2017,49,New Albany,39-049-0029,AQS
7/17/2017,50,FRANKLIN_PK,39-049-0037,AQS
7/18/2017,84,New Albany,39-049-0029,AQS
7/19/2017,97,New Albany,39-049-0029,AQS
7/20/2017,54,New Albany,39-049-0029,AQS
7/21/2017,44,New Albany,39-049-0029,AQS
7/22/2017,41,New Albany,39-049-0029,AQS
7/23/2017,40,New Albany,39-049-0029,AQS
7/24/2017,40,New Albany,39-049-0029,AQS
7/25/2017,41,London,39-097-0007,AQS
7/26/2017,50,Delaware,39-041-0002,AQS
7/27/2017,38,New Albany,39-049-0029,AQS
7/28/2017,44,New Albany,39-049-0029,AQS
7/29/2017,37,New Albany,39-049-0029,AQS
7/30/2017,27,London,39-097-0007,AQS
7/31/2017,47,FRANKLIN_PK,39-049-0037,AQS
8/1/2017,71,New Albany,39-049-0029,AQS
8/2/2017,51,London,39-097-0007,AQS
8/3/2017,50,New Albany,39-049-0029,AQS
8/4/2017,36,New Albany,39-049-0029,AQS
8/5/2017,32,New Albany,39-049-0029,AQS
8/6/2017,33,Maple Canyon,39-049-0081,AQS
8/7/2017,37,London,39-097-0007,AQS
8/8/2017,38,New Albany,39-049-0029,AQS
8/9/2017,58,Maple Canyon,39-049-0081,AQS
8/10/2017,58,New Albany,39-049-0029,AQS
8/11/2017,67,London,39-097-0007,AQS
8/12/2017,42,New Albany,39-049-0029,AQS
8/13/2017,44,London,39-097-0007,AQS
8/14/2017,51,New Albany,39-049-0029,AQS
8/15/2017,50,Heath,39-089-0005,AQS
8/16/2017,71,Maple Canyon,39-049-0081,AQS
8/17/2017,29,New Albany,39-049-0029,AQS
8/18/2017,41,London,39-097-0007,AQS
8/19/2017,47,London,39-097-0007,AQS
8/20/2017,54,New Albany,39-049-0029,AQS
8/21/2017,54,New Albany,39-049-0029,AQS
8/22/2017,36,New Albany,39-049-0029,AQS
8/23/2017,33,New Albany,39-049-0029,AQS
8/24/2017,39,New Albany,39-049-0029,AQS
8/25/2017,40,Maple Canyon,39-049-0081,AQS
8/26/2017,44,London,39-097-0007,AQS
8/27/2017,61,London,39-097-0007,AQS
8/28/2017,37,New Albany,39-049-0029,AQS
8/29/2017,43,Maple Canyon,39-049-0081,AQS
8/30/2017,47,London,39-097-0007,AQS
8/31/2017,44,London,39-097-0007,AQS
9/1/2017,26,Maple Canyon,39-049-0081,AQS
9/2/2017,19,New Albany,39-049-0029,AQS
9/3/2017,40,New Albany,39-049-0029,AQS
9/4/2017,44,New Albany,39-049-0029,AQS
9/5/2017,37,New Albany,39-049-0029,AQS
9/6/2017,31,New Albany,39-049-0029,AQS
9/7/2017,24,New Albany,39-049-0029,AQS
9/8/2017,30,New Albany,39-049-0029,AQS
9/9/2017,35,New Albany,39-049-0029,AQS
9/10/2017,34,London,39-097-0007,AQS
9/11/2017,32,New Albany,39-049-0029,AQS
9/12/2017,31,New Albany,39-049-0029,AQS
9/13/2017,26,New Albany,39-049-0029,AQS
9/14/2017,23,London,39-097-0007,AQS
9/15/2017,33,Maple Canyon,39-049-0081,AQS
9/16/2017,38,Maple Canyon,39-049-0081,AQS
9/17/2017,42,New Albany,39-049-0029,AQS
9/18/2017,46,New Albany,39-049-0029,AQS
9/19/2017,38,New Albany,39-049-0029,AQS
9/20/2017,48,New Albany,39-049-0029,AQS
9/21/2017,64,New Albany,39-049-0029,AQS
9/22/2017,67,New Albany,39-049-0029,AQS
9/23/2017,74,London,39-097-0007,AQS
9/24/2017,48,New Albany,39-049-0029,AQS
9/25/2017,54,FRANKLIN_PK,39-049-0037,AQS
9/26/2017,112,New Albany,39-049-0029,AQS
9/27/2017,67,New Albany,39-049-0029,AQS
9/28/2017,40,New Albany,39-049-0029,AQS
9/29/2017,42,London,39-097-0007,AQS
9/30/2017,34,New Albany,39-049-0029,AQS
10/1/2017,37,New Albany,39-049-0029,AQS
10/2/2017,50,Delaware,39-041-0002,AQS
10/3/2017,47,New Albany,39-049-0029,AQS
10/4/2017,48,New Albany,39-049-0029,AQS
10/5/2017,31,London,39-097-0007,AQS
10/6/2017,35,New Albany,39-049-0029,AQS
10/7/2017,37,New Albany,39-049-0029,AQS
10/8/2017,26,New Albany,39-049-0029,AQS
10/9/2017,16,New Albany,39-049-0029,AQS
10/10/2017,32,New Albany,39-049-0029,AQS
10/11/2017,33,Heath,39-089-0005,AQS
10/12/2017,16,Delaware,39-041-0002,AQS
10/13/2017,40,London,39-097-0007,AQS
10/14/2017,46,New Albany,39-049-0029,AQS
10/15/2017,27,New Albany,39-049-0029,AQS
10/16/2017,31,London,39-097-0007,AQS
10/17/2017,38,London,39-097-0007,AQS
10/18/2017,39,London,39-097-0007,AQS
10/19/2017,46,New Albany,39-049-0029,AQS
10/20/2017,51,London,39-097-0007,AQS
10/21/2017,50,London,39-097-0007,AQS
10/22/2017,42,New Albany,39-049-0029,AQS
10/23/2017,34,New Albany,39-049-0029,AQS
10/24/2017,29,New Albany,39-049-0029,AQS
10/25/2017,26,Delaware,39-041-0002,AQS
10/26/2017,32,London,39-097-0007,AQS
10/27/2017,44,New Albany,39-049-0029,AQS
10/28/2017,19,Delaware,39-041-0002,AQS
10/29/2017,22,New Albany,39-049-0029,AQS
10/30/2017,22,New Albany,39-049-0029,AQS
10/31/2017,23,Delaware,39-041-0002,AQS
3/1/2018,38,New Albany,39-049-0029,AQS
3/2/2018,39,London,39-097-0007,AQS
3/3/2018,40,New Albany,39-049-0029,AQS
3/4/2018,40,Reynoldsburg,39-089-0008,AQS
3/5/2018,38,New Albany,39-049-0029,AQS
3/6/2018,42,Delaware,39-041-0002,AQS
3/7/2018,35,London,39-097-0007,AQS
3/8/2018,37,London,39-097-0007,AQS
3/9/2018,37,New Albany,39-049-0029,AQS
3/10/2018,42,New Albany,39-049-0029,AQS
3/11/2018,41,Delaware,39-041-0002,AQS
3/12/2018,39,New Albany,39-049-0029,AQS
3/13/2018,40,Delaware,39-041-0002,AQS
3/14/2018,37,Delaware,39-041-0002,AQS
3/15/2018,44,New Albany,39-049-0029,AQS
3/16/2018,40,New Albany,39-049-0029,AQS
3/17/2018,39,New Albany,39-049-0029,AQS
3/18/2018,44,Delaware,39-041-0002,AQS
3/19/2018,46,New Albany,39-049-0029,AQS
3/20/2018,35,Delaware,39-041-0002,AQS
3/21/2018,39,London,39-097-0007,AQS
3/22/2018,44,London,39-097-0007,AQS
3/23/2018,42,London,39-097-0007,AQS
3/24/2018,40,New Albany,39-049-0029,AQS
3/25/2018,44,Delaware,39-041-0002,AQS
3/26/2018,45,Reynoldsburg,39-089-0008,AQS
3/27/2018,37,New Albany,39-049-0029,AQS
3/28/2018,16,Heath,39-089-0005,AQS
3/29/2018,41,London,39-097-0007,AQS
3/30/2018,40,London,39-097-0007,AQS
3/31/2018,44,Delaware,39-041-0002,AQS
4/1/2018,43,Delaware,39-041-0002,AQS
4/2/2018,44,Delaware,39-041-0002,AQS
4/3/2018,39,New Albany,39-049-0029,AQS
4/4/2018,42,New Albany,39-049-0029,AQS
4/5/2018,44,London,39-097-0007,AQS
4/6/2018,45,New Albany,39-049-0029,AQS
4/7/2018,44,New Albany,39-049-0029,AQS
4/8/2018,44,Delaware,39-041-0002,AQS
4/9/2018,42,Delaware,39-041-0002,AQS
4/10/2018,47,Delaware,39-041-0002,AQS
4/11/2018,44,Delaware,39-041-0002,AQS
4/12/2018,67,Delaware,39-041-0002,AQS
4/13/2018,71,Heath,39-089-0005,AQS
4/14/2018,48,New Albany,39-049-0029,AQS
4/15/2018,42,London,39-097-0007,AQS
4/16/2018,35,New Albany,39-049-0029,AQS
4/17/2018,41,London,39-097-0007,AQS
4/18/2018,44,New Albany,39-049-0029,AQS
4/19/2018,49,New Albany,39-049-0029,AQS
4/20/2018,48,Heath,39-089-0005,AQS
4/21/2018,50,Reynoldsburg,39-089-0008,AQS
4/22/2018,61,Reynoldsburg,39-089-0008,AQS
4/23/2018,49,Heath,39-089-0005,AQS
4/24/2018,44,Heath,39-089-0005,AQS
4/25/2018,44,London,39-097-0007,AQS
4/26/2018,58,New Albany,39-049-0029,AQS
4/27/2018,67,New Albany,39-049-0029,AQS
4/28/2018,36,London,39-097-0007,AQS
4/29/2018,44,New Albany,39-049-0029,AQS
4/30/2018,74,Delaware,39-041-0002,AQS
5/1/2018,97,Delaware,39-041-0002,AQS
5/2/2018,67,Delaware,39-041-0002,AQS
5/3/2018,47,New Albany,39-049-0029,AQS
5/4/2018,46,Heath,39-089-0005,AQS
5/5/2018,47,Delaware,39-041-0002,AQS
5/6/2018,67,London,39-097-0007,AQS
5/7/2018,47,New Albany,39-049-0029,AQS
5/8/2018,84,New Albany,39-049-0029,AQS
5/9/2018,64,New Albany,39-049-0029,AQS
5/10/2018,58,New Albany,39-049-0029,AQS
5/11/2018,77,London,39-097-0007,AQS
5/12/2018,54,New Albany,39-049-0029,AQS
5/13/2018,48,New Albany,39-049-0029,AQS
5/14/2018,46,London,39-097-0007,AQS
5/15/2018,50,Reynoldsburg,39-089-0008,AQS
5/16/2018,42,London,39-097-0007,AQS
5/17/2018,58,Delaware,39-041-0002,AQS
5/18/2018,41,Maple Canyon,39-049-0081,AQS
5/19/2018,43,London,39-097-0007,AQS
5/20/2018,45,London,39-097-0007,AQS
5/21/2018,50,New Albany,39-049-0029,AQS
5/22/2018,50,London,39-097-0007,AQS
5/23/2018,50,London,39-097-0007,AQS
5/24/2018,74,London,39-097-0007,AQS
5/25/2018,101,New Albany,39-049-0029,AQS
5/26/2018,54,New Albany,39-049-0029,AQS
5/27/2018,93,London,39-097-0007,AQS
5/28/2018,84,London,39-097-0007,AQS
5/29/2018,51,Delaware,39-041-0002,AQS
5/30/2018,30,New Albany,39-049-0029,AQS
5/31/2018,67,Delaware,39-041-0002,AQS
6/1/2018,48,London,39-097-0007,AQS
6/2/2018,44,London,39-097-0007,AQS
6/3/2018,64,New Albany,39-049-0029,AQS
6/4/2018,43,London,39-097-0007,AQS
6/5/2018,42,London,39-097-0007,AQS
6/6/2018,44,London,39-097-0007,AQS
6/7/2018,71,London,39-097-0007,AQS
6/8/2018,71,London,39-097-0007,AQS
6/9/2018,74,Maple Canyon,39-049-0081,AQS
6/10/2018,50,Reynoldsburg,39-089-0008,AQS
6/11/2018,39,London,39-097-0007,AQS
6/12/2018,40,London,39-097-0007,AQS
6/13/2018,45,New Albany,39-049-0029,AQS
6/14/2018,50,London,39-097-0007,AQS
6/15/2018,100,New Albany,39-049-0029,AQS
6/16/2018,90,London,39-097-0007,AQS
6/17/2018,80,Delaware,39-041-0002,AQS
6/18/2018,87,Heath,39-089-0005,AQS
6/19/2018,42,Reynoldsburg,39-089-0008,AQS
6/20/2018,43,London,39-097-0007,AQS
6/21/2018,32,Delaware,39-041-0002,AQS
6/22/2018,41,London,39-097-0007,AQS
6/23/2018,40,New Albany,39-049-0029,AQS
6/24/2018,43,New Albany,39-049-0029,AQS
6/25/2018,39,London,39-097-0007,AQS
6/26/2018,44,Delaware,39-041-0002,AQS
6/27/2018,44,New Albany,39-049-0029,AQS
6/28/2018,58,Reynoldsburg,39-089-0008,AQS
6/29/2018,77,Maple Canyon,39-049-0081,AQS
6/30/2018,77,Heath,39-089-0005,AQS
7/1/2018,44,New Albany,39-049-0029,AQS
7/2/2018,41,New Albany,39-049-0029,AQS
7/3/2018,43,New Albany,39-049-0029,AQS
7/4/2018,44,Heath,39-089-0005,AQS
7/5/2018,43,New Albany,39-049-0029,AQS
7/6/2018,42,Delaware,39-041-0002,AQS
7/7/2018,44,London,39-097-0007,AQS
7/8/2018,50,London,39-097-0007,AQS
7/9/2018,67,Heath,39-089-0005,AQS
7/10/2018,50,New Albany,39-049-0029,AQS
7/11/2018,42,New Albany,39-049-0029,AQS
7/12/2018,61,London,39-097-0007,AQS
7/13/2018,122,Maple Canyon,39-049-0081,AQS
7/14/2018,101,London,39-097-0007,AQS
7/15/2018,87,New Albany,39-049-0029,AQS
7/16/2018,47,London,39-097-0007,AQS
7/17/2018,42,Heath,39-089-0005,AQS
7/18/2018,45,London,39-097-0007,AQS
7/19/2018,50,New Albany,39-049-0029,AQS
7/20/2018,44,London,39-097-0007,AQS
7/21/2018,40,New Albany,39-049-0029,AQS
7/22/2018,38,Delaware,39-041-0002,AQS
7/23/2018,39,New Albany,39-049-0029,AQS
7/24/2018,42,New Albany,39-049-0029,AQS
7/25/2018,44,New Albany,39-049-0029,AQS
7/26/2018,74,New Albany,39-049-0029,AQS
7/27/2018,42,Heath,39-089-0005,AQS
7/28/2018,39,London,39-097-0007,AQS
7/29/2018,46,New Albany,39-049-0029,AQS
7/30/2018,47,London,39-097-0007,AQS
7/31/2018,31,Delaware,39-041-0002,AQS
8/1/2018,39,London,39-097-0007,AQS
8/2/2018,51,New Albany,39-049-0029,AQS
8/3/2018,58,Heath,39-089-0005,AQS
8/4/2018,58,New Albany,39-049-0029,AQS
8/5/2018,58,New Albany,39-049-0029,AQS
8/6/2018,47,Delaware,39-041-0002,AQS
8/7/2018,46,New Albany,39-049-0029,AQS
8/8/2018,44,New Albany,39-049-0029,AQS
8/9/2018,50,Heath,39-089-0005,AQS
8/10/2018,42,London,39-097-0007,AQS
8/11/2018,36,Delaware,39-041-0002,AQS
8/12/2018,37,Heath,39-089-0005,AQS
8/13/2018,39,Delaware,39-041-0002,AQS
8/14/2018,49,Heath,39-089-0005,AQS
8/15/2018,47,Delaware,39-041-0002,AQS
8/16/2018,24,London,39-097-0007,AQS
8/17/2018,33,London,39-097-0007,AQS
8/18/2018,40,London,39-097-0007,AQS
8/19/2018,40,London,39-097-0007,AQS
8/20/2018,42,Maple Canyon,39-049-0081,AQS
8/21/2018,40,New Albany,39-049-0029,AQS
8/22/2018,35,Heath,39-089-0005,AQS
8/23/2018,40,Maple Canyon,39-049-0081,AQS
8/24/2018,42,Delaware,39-041-0002,AQS
8/25/2018,39,London,39-097-0007,AQS
8/26/2018,44,Heath,39-089-0005,AQS
8/27/2018,45,New Albany,39-049-0029,AQS
8/28/2018,48,New Albany,39-049-0029,AQS
8/29/2018,42,London,39-097-0007,AQS
8/30/2018,35,London,39-097-0007,AQS
8/31/2018,64,Maple Canyon,39-049-0081,AQS
9/1/2018,33,New Albany,39-049-0029,AQS
9/2/2018,37,New Albany,39-049-0029,AQS
9/3/2018,39,New Albany,39-049-0029,AQS
9/4/2018,51,Delaware,39-041-0002,AQS
9/5/2018,44,New Albany,39-049-0029,AQS
9/6/2018,38,London,39-097-0007,AQS
9/7/2018,35,Heath,39-089-0005,AQS
9/8/2018,28,New Albany,39-049-0029,AQS
9/9/2018,28,New Albany,39-049-0029,AQS
9/10/2018,17,Heath,39-089-0005,AQS
9/11/2018,23,London,39-097-0007,AQS
9/12/2018,31,Delaware,39-041-0002,AQS
9/13/2018,54,Maple Canyon,39-049-0081,AQS
9/14/2018,39,London,39-097-0007,AQS
9/15/2018,31,London,39-097-0007,AQS
9/16/2018,29,New Albany,39-049-0029,AQS
9/17/2018,28,London,39-097-0007,AQS
9/18/2018,47,London,39-097-0007,AQS
9/19/2018,51,London,39-097-0007,AQS
9/20/2018,50,London,39-097-0007,AQS
9/21/2018,50,Delaware,39-041-0002,AQS
9/22/2018,23,Delaware,39-041-0002,AQS
9/23/2018,30,London,39-097-0007,AQS
9/24/2018,21,London,39-097-0007,AQS
9/25/2018,23,London,39-097-0007,AQS
9/26/2018,30,Delaware,39-041-0002,AQS
9/27/2018,27,New Albany,39-049-0029,AQS
9/28/2018,44,London,39-097-0007,AQS
9/29/2018,37,London,39-097-0007,AQS
9/30/2018,47,New Albany,39-049-0029,AQS
10/1/2018,45,Delaware,39-041-0002,AQS
10/2/2018,31,Heath,39-089-0005,AQS
10/3/2018,39,London,39-097-0007,AQS
10/4/2018,22,Heath,39-089-0005,AQS
10/5/2018,22,London,39-097-0007,AQS
10/6/2018,43,London,39-097-0007,AQS
10/7/2018,43,London,39-097-0007,AQS
10/8/2018,41,Delaware,39-041-0002,AQS
10/9/2018,35,Heath,39-089-0005,AQS
10/10/2018,28,Delaware,39-041-0002,AQS
10/11/2018,24,London,39-097-0007,AQS
10/12/2018,34,Delaware,39-041-0002,AQS
10/13/2018,31,Delaware,39-041-0002,AQS
10/14/2018,28,Delaware,39-041-0002,AQS
10/15/2018,22,Delaware,39-041-0002,AQS
10/16/2018,26,New Albany,39-049-0029,AQS
10/17/2018,31,New Albany,39-049-0029,AQS
10/18/2018,34,London,39-097-0007,AQS
10/19/2018,34,Heath,39-089-0005,AQS
10/20/2018,32,New Albany,39-049-0029,AQS
10/21/2018,30,Delaware,39-041-0002,AQS
10/22/2018,31,Heath,39-089-0005,AQS
10/23/2018,31,New Albany,39-049-0029,AQS
10/24/2018,25,Heath,39-089-0005,AQS
10/25/2018,24,Delaware,39-041-0002,AQS
10/26/2018,16,Delaware,39-041-0002,AQS
10/27/2018,15,New Albany,39-049-0029,AQS
10/28/2018,26,Heath,39-089-0005,AQS
10/29/2018,24,New Albany,39-049-0029,AQS
10/30/2018,33,New Albany,39-049-0029,AQS
10/31/2018,31,New Albany,39-049-0029,AQS
3/1/2019,39,Maple Canyon,39-049-0081,AQS
3/2/2019,32,New Albany,39-049-0029,AQS
3/3/2019,40,New Albany,39-049-0029,AQS
3/4/2019,36,New Albany,39-049-0029,AQS
3/5/2019,37,Delaware,39-041-0002,AQS
3/6/2019,38,Delaware,39-041-0002,AQS
3/7/2019,43,Delaware,39-041-0002,AQS
3/8/2019,39,Delaware,39-041-0002,AQS
3/9/2019,41,Heath,39-089-0005,AQS
3/10/2019,39,Delaware,39-041-0002,AQS
3/11/2019,43,New Albany,39-049-0029,AQS
3/12/2019,47,Heath,39-089-0005,AQS
3/13/2019,42,Heath,39-089-0005,AQS
3/14/2019,40,Heath,39-089-0005,AQS
3/15/2019,36,New Albany,39-049-0029,AQS
3/16/2019,41,London,39-097-0007,AQS
3/17/2019,41,Heath,39-089-0005,AQS
3/18/2019,42,New Albany,39-049-0029,AQS
3/19/2019,45,London,39-097-0007,AQS
3/20/2019,49,New Albany,39-049-0029,AQS
3/21/2019,39,New Albany,39-049-0029,AQS
3/22/2019,40,London,39-097-0007,AQS
3/23/2019,43,New Albany,39-049-0029,AQS
3/24/2019,46,New Albany,39-049-0029,AQS
3/25/2019,38,Delaware,39-041-0002,AQS
3/26/2019,43,New Albany,39-049-0029,AQS
3/27/2019,46,Heath,39-089-0005,AQS
3/28/2019,48,London,39-097-0007,AQS
3/29/2019,43,New Albany,39-049-0029,AQS
3/30/2019,42,New Albany,39-049-0029,AQS
3/31/2019,41,New Albany,39-049-0029,AQS
4/1/2019,42,New Albany,39-049-0029,AQS
4/2/2019,44,Delaware,39-041-0002,AQS
4/3/2019,47,New Albany,39-049-0029,AQS
4/4/2019,46,London,39-097-0007,AQS
4/5/2019,50,New Albany,39-049-0029,AQS
4/6/2019,58,New Albany,39-049-0029,AQS
4/7/2019,44,New Albany,39-049-0029,AQS
4/8/2019,44,Delaware,39-041-0002,AQS
4/9/2019,49,New Albany,39-049-0029,AQS
4/10/2019,39,New Albany,39-049-0029,AQS
4/11/2019,48,Heath,39-089-0005,AQS
4/12/2019,46,Heath,39-089-0005,AQS
4/13/2019,48,New Albany,39-049-0029,AQS
4/14/2019,41,New Albany,39-049-0029,AQS
4/15/2019,44,New Albany,39-049-0029,AQS
4/16/2019,54,New Albany,39-049-0029,AQS
4/17/2019,50,New Albany,39-049-0029,AQS
4/18/2019,58,New Albany,39-049-0029,AQS
4/19/2019,31,Delaware,39-041-0002,AQS
4/20/2019,32,New Albany,39-049-0029,AQS
4/21/2019,39,London,39-097-0007,AQS
4/22/2019,46,Delaware,39-041-0002,AQS
4/23/2019,44,New Albany,39-049-0029,AQS
4/24/2019,38,Heath,39-089-0005,AQS
4/25/2019,48,London,39-097-0007,AQS
4/26/2019,48,New Albany,39-049-0029,AQS
4/27/2019,44,London,39-097-0007,AQS
4/28/2019,45,New Albany,39-049-0029,AQS
4/29/2019,42,New Albany,39-049-0029,AQS
4/30/2019,33,New Albany,39-049-0029,AQS
5/1/2019,45,New Albany,39-049-0029,AQS
5/2/2019,47,New Albany,39-049-0029,AQS
5/3/2019,36,New Albany,39-049-0029,AQS
5/4/2019,28,London,39-097-0007,AQS
5/5/2019,41,New Albany,39-049-0029,AQS
5/6/2019,71,New Albany,39-049-0029,AQS
5/7/2019,67,New Albany,39-049-0029,AQS
5/8/2019,58,New Albany,39-049-0029,AQS
5/9/2019,43,New Albany,39-049-0029,AQS
5/10/2019,31,New Albany,39-049-0029,AQS
5/11/2019,44,London,39-097-0007,AQS
5/12/2019,31,New Albany,39-049-0029,AQS
5/13/2019,30,Delaware,39-041-0002,AQS
5/14/2019,41,New Albany,39-049-0029,AQS
5/15/2019,67,London,39-097-0007,AQS
5/16/2019,64,Delaware,39-041-0002,AQS
5/17/2019,58,New Albany,39-049-0029,AQS
5/18/2019,77,New Albany,39-049-0029,AQS
5/19/2019,45,New Albany,39-049-0029,AQS
5/20/2019,40,Heath,39-089-0005,AQS
5/21/2019,38,London,39-097-0007,AQS
5/22/2019,47,New Albany,39-049-0029,AQS
5/23/2019,43,New Albany,39-049-0029,AQS
5/24/2019,71,New Albany,39-049-0029,AQS
5/25/2019,48,New Albany,39-049-0029,AQS
5/26/2019,49,New Albany,39-049-0029,AQS
5/27/2019,48,New Albany,39-049-0029,AQS
5/28/2019,47,New Albany,39-049-0029,AQS
5/29/2019,41,New Albany,39-049-0029,AQS
5/30/2019,45,Delaware,39-041-0002,AQS
5/31/2019,51,Delaware,39-041-0002,AQS
6/1/2019,80,New Albany,39-049-0029,AQS
6/2/2019,47,New Albany,39-049-0029,AQS
6/3/2019,42,London,39-097-0007,AQS
6/4/2019,77,New Albany,39-049-0029,AQS
6/5/2019,46,Delaware,39-041-0002,AQS
6/6/2019,64,London,39-097-0007,AQS
6/7/2019,48,Delaware,39-041-0002,AQS
6/8/2019,47,Delaware,39-041-0002,AQS
6/9/2019,43,New Albany,39-049-0029,AQS
6/10/2019,34,New Albany,39-049-0029,AQS
6/11/2019,44,New Albany,39-049-0029,AQS
6/12/2019,44,Heath,39-089-0005,AQS
6/13/2019,36,New Albany,39-049-0029,AQS
6/14/2019,46,Delaware,39-041-0002,AQS
6/15/2019,41,New Albany,39-049-0029,AQS
6/16/2019,49,New Albany,39-049-0029,AQS
6/17/2019,38,London,39-097-0007,AQS
6/18/2019,39,London,39-097-0007,AQS
6/19/2019,51,Delaware,39-041-0002,AQS
6/20/2019,38,New Albany,39-049-0029,AQS
6/21/2019,37,New Albany,39-049-0029,AQS
6/22/2019,44,London,39-097-0007,AQS
6/23/2019,51,New Albany,39-049-0029,AQS
6/24/2019,37,Delaware,39-041-0002,AQS
6/25/2019,58,New Albany,39-049-0029,AQS
6/26/2019,80,New Albany,39-049-0029,AQS
6/27/2019,61,New Albany,39-049-0029,AQS
6/28/2019,93,London,39-097-0007,AQS
6/29/2019,90,New Albany,39-049-0029,AQS
6/30/2019,54,New Albany,39-049-0029,AQS
7/1/2019,100,New Albany,39-049-0029,AQS
7/2/2019,74,New Albany,39-049-0029,AQS
7/3/2019,45,New Albany,39-049-0029,AQS
7/4/2019,51,New Albany,39-049-0029,AQS
7/5/2019,61,New Albany,39-049-0029,AQS
7/6/2019,47,New Albany,39-049-0029,AQS
7/7/2019,42,New Albany,39-049-0029,AQS
7/8/2019,44,New Albany,39-049-0029,AQS
7/9/2019,64,London,39-097-0007,AQS
7/10/2019,93,New Albany,39-049-0029,AQS
7/11/2019,71,New Albany,39-049-0029,AQS
7/12/2019,54,New Albany,39-049-0029,AQS
7/13/2019,97,New Albany,39-049-0029,AQS
7/14/2019,50,New Albany,39-049-0029,AQS
7/15/2019,101,New Albany,39-049-0029,AQS
7/16/2019,30,New Albany,39-049-0029,AQS
7/17/2019,31,New Albany,39-049-0029,AQS
7/18/2019,48,New Albany,39-049-0029,AQS
7/19/2019,46,New Albany,39-049-0029,AQS
7/20/2019,44,New Albany,39-049-0029,AQS
7/21/2019,44,New Albany,39-049-0029,AQS
7/22/2019,31,New Albany,39-049-0029,AQS
7/23/2019,37,New Albany,39-049-0029,AQS
7/24/2019,43,New Albany,39-049-0029,AQS
7/25/2019,51,London,39-097-0007,AQS
7/26/2019,71,Maple Canyon,39-049-0081,AQS
7/27/2019,74,New Albany,39-049-0029,AQS
7/28/2019,74,New Albany,39-049-0029,AQS
7/29/2019,48,Delaware,39-041-0002,AQS
7/30/2019,47,New Albany,39-049-0029,AQS
7/31/2019,49,New Albany,39-049-0029,AQS
8/1/2019,51,London,39-097-0007,AQS
8/2/2019,54,New Albany,39-049-0029,AQS
8/3/2019,61,London,39-097-0007,AQS
8/4/2019,58,New Albany,39-049-0029,AQS
8/5/2019,77,London,39-097-0007,AQS
8/6/2019,84,New Albany,39-049-0029,AQS
8/7/2019,49,New Albany,39-049-0029,AQS
8/8/2019,45,London,39-097-0007,AQS
8/9/2019,41,Maple Canyon,39-049-0081,AQS
8/10/2019,40,New Albany,39-049-0029,AQS
8/11/2019,49,Delaware,39-041-0002,AQS
8/12/2019,54,New Albany,39-049-0029,AQS
8/13/2019,41,New Albany,39-049-0029,AQS
8/14/2019,45,New Albany,39-049-0029,AQS
8/15/2019,49,New Albany,39-049-0029,AQS
8/16/2019,50,New Albany,39-049-0029,AQS
8/17/2019,48,New Albany,39-049-0029,AQS
8/18/2019,51,New Albany,39-049-0029,AQS
8/19/2019,64,New Albany,39-049-0029,AQS
8/20/2019,48,New Albany,39-049-0029,AQS
8/21/2019,45,New Albany,39-049-0029,AQS
8/22/2019,39,London,39-097-0007,AQS
8/23/2019,29,London,39-097-0007,AQS
8/24/2019,38,London,39-097-0007,AQS
8/25/2019,37,New Albany,39-049-0029,AQS
8/26/2019,27,New Albany,39-049-0029,AQS
8/27/2019,24,New Albany,39-049-0029,AQS
8/28/2019,36,New Albany,39-049-0029,AQS
8/29/2019,43,New Albany,39-049-0029,AQS
8/30/2019,46,Heath,39-089-0005,AQS
8/31/2019,39,New Albany,39-049-0029,AQS
9/1/2019,35,New Albany,39-049-0029,AQS
9/2/2019,38,New Albany,39-049-0029,AQS
9/3/2019,40,New Albany,39-049-0029,AQS
9/4/2019,40,London,39-097-0007,AQS
9/5/2019,37,London,39-097-0007,AQS
9/6/2019,44,New Albany,39-049-0029,AQS
9/7/2019,35,New Albany,39-049-0029,AQS
9/8/2019,37,New Albany,39-049-0029,AQS
9/9/2019,47,Maple Canyon,39-049-0081,AQS
9/10/2019,61,London,39-097-0007,AQS
9/11/2019,74,New Albany,39-049-0029,AQS
9/12/2019,51,New Albany,39-049-0029,AQS
9/13/2019,80,Delaware,39-041-0002,AQS
9/14/2019,38,New Albany,39-049-0029,AQS
9/15/2019,46,New Albany,39-049-0029,AQS
9/16/2019,49,New Albany,39-049-0029,AQS
9/17/2019,45,London,39-097-0007,AQS
9/18/2019,50,London,39-097-0007,AQS
9/19/2019,61,Delaware,39-041-0002,AQS
9/20/2019,77,Delaware,39-041-0002,AQS
9/21/2019,51,London,39-097-0007,AQS
9/22/2019,48,Delaware,39-041-0002,AQS
9/23/2019,38,Delaware,39-041-0002,AQS
9/24/2019,39,London,39-097-0007,AQS
9/25/2019,48,Delaware,39-041-0002,AQS
9/26/2019,40,New Albany,39-049-0029,AQS
9/27/2019,49,Delaware,39-041-0002,AQS
9/28/2019,54,London,39-097-0007,AQS
9/29/2019,40,London,39-097-0007,AQS
9/30/2019,50,New Albany,39-049-0029,AQS
10/1/2019,46,New Albany,39-049-0029,AQS
10/2/2019,44,New Albany,39-049-0029,AQS
10/3/2019,42,New Albany,39-049-0029,AQS
10/4/2019,24,London,39-097-0007,AQS
10/5/2019,41,London,39-097-0007,AQS
10/6/2019,38,London,39-097-0007,AQS
10/7/2019,27,New Albany,39-049-0029,AQS
10/8/2019,36,Delaware,39-041-0002,AQS
10/9/2019,39,Delaware,39-041-0002,AQS
10/10/2019,43,Delaware,39-041-0002,AQS
10/11/2019,36,Delaware,39-041-0002,AQS
10/12/2019,33,New Albany,39-049-0029,AQS
10/13/2019,40,Delaware,39-041-0002,AQS
10/14/2019,37,London,39-097-0007,AQS
10/15/2019,47,New Albany,39-049-0029,AQS
10/16/2019,25,New Albany,39-049-0029,AQS
10/17/2019,27,Delaware,39-041-0002,AQS
10/18/2019,33,New Albany,39-049-0029,AQS
10/19/2019,36,Delaware,39-041-0002,AQS
10/20/2019,43,Delaware,39-041-0002,AQS
10/21/2019,33,New Albany,39-049-0029,AQS
10/22/2019,32,New Albany,39-049-0029,AQS
10/23/2019,33,Delaware,39-041-0002,AQS
10/24/2019,36,Heath,39-089-0005,AQS
10/25/2019,25,Delaware,39-041-0002,AQS
10/26/2019,27,New Albany,39-049-0029,AQS
10/27/2019,36,New Albany,39-049-0029,AQS
10/28/2019,38,New Albany,39-049-0029,AQS
10/29/2019,25,London,39-097-0007,AQS
10/30/2019,19,New Albany,39-049-0029,AQS
10/31/2019,19,Delaware,39-041-0002,AQS
3/1/2020,39,Heath,39-089-0005,AQS
3/2/2020,39,Reynoldsburg,39-089-0008,AQS
3/3/2020,35,New Albany,39-049-0029,AQS
3/4/2020,35,Heath,39-089-0005,AQS
3/5/2020,38,Heath,39-089-0005,AQS
3/6/2020,32,Delaware,39-041-0002,AQS
3/7/2020,37,Delaware,39-041-0002,AQS
3/8/2020,40,Heath,39-089-0005,AQS
3/9/2020,44,New Albany,39-049-0029,AQS
3/10/2020,35,Heath,39-089-0005,AQS
3/11/2020,21,Delaware,39-041-0002,AQS
3/12/2020,35,New Albany,39-049-0029,AQS
3/13/2020,37,Heath,39-089-0005,AQS
3/14/2020,34,New Albany,39-049-0029,AQS
3/15/2020,33,Delaware,39-041-0002,AQS
3/16/2020,31,Reynoldsburg,39-089-0008,AQS
3/17/2020,27,London,39-097-0007,AQS
3/18/2020,21,New Albany,39-049-0029,AQS
3/19/2020,28,London,39-097-0007,AQS
3/20/2020,31,Heath,39-089-0005,AQS
3/21/2020,36,Delaware,39-041-0002,AQS
3/22/2020,39,Heath,39-089-0005,AQS
3/23/2020,36,Heath,39-089-0005,AQS
3/24/2020,35,London,39-097-0007,AQS
3/25/2020,43,Heath,39-089-0005,AQS
3/26/2020,42,London,39-097-0007,AQS
3/27/2020,35,Heath,39-089-0005,AQS
3/28/2020,30,New Albany,39-049-0029,AQS
3/29/2020,43,Heath,39-089-0005,AQS
3/30/2020,38,Delaware,39-041-0002,AQS
3/31/2020,31,Maple Canyon,39-049-0081,AQS
4/1/2020,32,Heath,39-089-0005,AQS
4/2/2020,40,Heath,39-089-0005,AQS
4/3/2020,45,Delaware,39-041-0002,AQS
4/4/2020,51,New Albany,39-049-0029,AQS
4/5/2020,25,Heath,39-089-0005,AQS
4/6/2020,44,Delaware,39-041-0002,AQS
4/7/2020,42,Heath,39-089-0005,AQS
4/8/2020,41,Delaware,39-041-0002,AQS
4/9/2020,41,Delaware,39-041-0002,AQS
4/10/2020,36,Heath,39-089-0005,AQS
4/11/2020,43,Delaware,39-041-0002,AQS
4/12/2020,39,Heath,39-089-0005,AQS
4/13/2020,35,Delaware,39-041-0002,AQS
4/14/2020,41,Delaware,39-041-0002,AQS
4/15/2020,43,Heath,39-089-0005,AQS
4/16/2020,43,Heath,39-089-0005,AQS
4/17/2020,38,Heath,39-089-0005,AQS
4/18/2020,44,Delaware,39-041-0002,AQS
4/19/2020,39,Delaware,39-041-0002,AQS
4/20/2020,44,Delaware,39-041-0002,AQS
4/21/2020,42,Heath,39-089-0005,AQS
4/22/2020,42,London,39-097-0007,AQS
4/23/2020,35,Heath,39-089-0005,AQS
4/24/2020,42,Heath,39-089-0005,AQS
4/25/2020,44,Maple Canyon,39-049-0081,AQS
4/26/2020,39,Heath,39-089-0005,AQS
4/27/2020,42,London,39-097-0007,AQS
4/28/2020,49,London,39-097-0007,AQS
4/29/2020,45,Heath,39-089-0005,AQS
4/30/2020,39,Heath,39-089-0005,AQS
5/1/2020,39,London,39-097-0007,AQS
5/2/2020,50,London,39-097-0007,AQS
5/3/2020,46,Delaware,39-041-0002,AQS
5/4/2020,35,Maple Canyon,39-049-0081,AQS
5/5/2020,36,Heath,39-089-0005,AQS
5/6/2020,44,London,39-097-0007,AQS
5/7/2020,46,Delaware,39-041-0002,AQS
5/8/2020,38,London,39-097-0007,AQS
5/9/2020,37,Delaware,39-041-0002,AQS
5/10/2020,42,New Albany,39-049-0029,AQS
5/11/2020,30,Delaware,39-041-0002,AQS
5/12/2020,42,New Albany,39-049-0029,AQS
5/13/2020,54,Delaware,39-041-0002,AQS
5/14/2020,41,New Albany,39-049-0029,AQS
5/15/2020,43,New Albany,39-049-0029,AQS
5/16/2020,43,New Albany,39-049-0029,AQS
5/17/2020,43,New Albany,39-049-0029,AQS
5/18/2020,41,New Albany,39-049-0029,AQS
5/19/2020,40,New Albany,39-049-0029,AQS
5/20/2020,38,New Albany,39-049-0029,AQS
5/21/2020,33,New Albany,39-049-0029,AQS
5/22/2020,36,London,39-097-0007,AQS
5/23/2020,45,New Albany,39-049-0029,AQS
5/24/2020,51,New Albany,39-049-0029,AQS
5/25/2020,41,New Albany,39-049-0029,AQS
5/26/2020,43,Delaware,39-041-0002,AQS
5/27/2020,41,Delaware,39-041-0002,AQS
5/28/2020,47,New Albany,39-049-0029,AQS
5/29/2020,42,New Albany,39-049-0029,AQS
5/30/2020,32,New Albany,39-049-0029,AQS
5/31/2020,42,New Albany,39-049-0029,AQS
6/1/2020,47,New Albany,39-049-0029,AQS
6/2/2020,87,New Albany,39-049-0029,AQS
6/3/2020,67,New Albany,39-049-0029,AQS
6/4/2020,44,New Albany,39-049-0029,AQS
6/5/2020,84,New Albany,39-049-0029,AQS
6/6/2020,74,New Albany,39-049-0029,AQS
6/7/2020,44,New Albany,39-049-0029,AQS
6/8/2020,64,London,39-097-0007,AQS
6/9/2020,44,Delaware,39-041-0002,AQS
6/10/2020,38,New Albany,39-049-0029,AQS
6/11/2020,45,New Albany,39-049-0029,AQS
6/12/2020,45,New Albany,39-049-0029,AQS
6/13/2020,42,London,39-097-0007,AQS
6/14/2020,41,New Albany,39-049-0029,AQS
6/15/2020,44,New Albany,39-049-0029,AQS
6/16/2020,61,London,39-097-0007,AQS
6/17/2020,67,London,39-097-0007,AQS
6/18/2020,41,London,39-097-0007,AQS
6/19/2020,61,New Albany,39-049-0029,AQS
6/20/2020,84,London,39-097-0007,AQS
6/21/2020,93,New Albany,39-049-0029,AQS
6/22/2020,61,New Albany,39-049-0029,AQS
6/23/2020,44,New Albany,39-049-0029,AQS
6/24/2020,39,Delaware,39-041-0002,AQS
6/25/2020,49,New Albany,39-049-0029,AQS
6/26/2020,80,New Albany,39-049-0029,AQS
6/27/2020,39,New Albany,39-049-0029,AQS
6/28/2020,43,New Albany,39-049-0029,AQS
6/29/2020,48,New Albany,39-049-0029,AQS
6/30/2020,74,New Albany,39-049-0029,AQS
7/1/2020,71,London,39-097-0007,AQS
7/2/2020,58,London,39-097-0007,AQS
7/3/2020,67,New Albany,39-049-0029,AQS
7/4/2020,49,New Albany,39-049-0029,AQS
7/5/2020,61,New Albany,39-049-0029,AQS
7/6/2020,101,Maple Canyon,39-049-0081,AQS
7/7/2020,80,New Albany,39-049-0029,AQS
7/8/2020,100,Maple Canyon,39-049-0081,AQS
7/9/2020,101,Delaware,39-041-0002,AQS
7/10/2020,45,London,39-097-0007,AQS
7/11/2020,43,New Albany,39-049-0029,AQS
7/12/2020,39,New Albany,39-049-0029,AQS
7/13/2020,43,New Albany,39-049-0029,AQS
7/14/2020,51,New Albany,39-049-0029,AQS
7/15/2020,67,Delaware,39-041-0002,AQS
7/16/2020,47,New Albany,39-049-0029,AQS
7/17/2020,90,New Albany,39-049-0029,AQS
7/18/2020,67,Delaware,39-041-0002,AQS
7/19/2020,40,New Albany,39-049-0029,AQS
7/20/2020,50,New Albany,39-049-0029,AQS
7/21/2020,61,New Albany,39-049-0029,AQS
7/22/2020,39,New Albany,39-049-0029,AQS
7/23/2020,33,New Albany,39-049-0029,AQS
7/24/2020,46,New Albany,39-049-0029,AQS
7/25/2020,54,New Albany,39-049-0029,AQS
7/26/2020,58,New Albany,39-049-0029,AQS
7/27/2020,39,New Albany,39-049-0029,AQS
7/28/2020,41,New Albany,39-049-0029,AQS
7/29/2020,80,New Albany,39-049-0029,AQS
7/30/2020,42,New Albany,39-049-0029,AQS
7/31/2020,38,New Albany,39-049-0029,AQS
8/1/2020,31,Delaware,39-041-0002,AQS
8/2/2020,31,London,39-097-0007,AQS
8/3/2020,39,New Albany,39-049-0029,AQS
8/4/2020,31,New Albany,39-049-0029,AQS
8/5/2020,39,New Albany,39-049-0029,AQS
8/6/2020,45,London,39-097-0007,AQS
8/7/2020,49,New Albany,39-049-0029,AQS
8/8/2020,80,Maple Canyon,39-049-0081,AQS
8/9/2020,93,New Albany,39-049-0029,AQS
8/10/2020,50,New Albany,39-049-0029,AQS
8/11/2020,48,New Albany,39-049-0029,AQS
8/12/2020,50,Maple Canyon,39-049-0081,AQS
8/13/2020,58,London,39-097-0007,AQS
8/14/2020,44,New Albany,39-049-0029,AQS
8/15/2020,43,London,39-097-0007,AQS
8/16/2020,42,New Albany,39-049-0029,AQS
8/17/2020,41,New Albany,39-049-0029,AQS
8/18/2020,35,New Albany,39-049-0029,AQS
8/19/2020,32,London,39-097-0007,AQS
8/20/2020,45,London,39-097-0007,AQS
8/21/2020,48,Maple Canyon,39-049-0081,AQS
8/22/2020,44,Delaware,39-041-0002,AQS
8/23/2020,42,New Albany,39-049-0029,AQS
8/24/2020,51,New Albany,39-049-0029,AQS
8/25/2020,50,New Albany,39-049-0029,AQS
8/26/2020,61,New Albany,39-049-0029,AQS
8/27/2020,32,New Albany,39-049-0029,AQS
8/28/2020,25,Delaware,39-041-0002,AQS
8/29/2020,37,New Albany,39-049-0029,AQS
8/30/2020,28,New Albany,39-049-0029,AQS
8/31/2020,46,Delaware,39-041-0002,AQS
9/1/2020,42,New Albany,39-049-0029,AQS
9/2/2020,33,New Albany,39-049-0029,AQS
9/3/2020,40,Delaware,39-041-0002,AQS
9/4/2020,36,Delaware,39-041-0002,AQS
9/5/2020,45,Delaware,39-041-0002,AQS
9/6/2020,42,New Albany,39-049-0029,AQS
9/7/2020,40,New Albany,39-049-0029,AQS
9/8/2020,45,New Albany,39-049-0029,AQS
9/9/2020,44,Maple Canyon,39-049-0081,AQS
9/10/2020,37,London,39-097-0007,AQS
9/11/2020,23,New Albany,39-049-0029,AQS
9/12/2020,32,Delaware,39-041-0002,AQS
9/13/2020,31,New Albany,39-049-0029,AQS
9/14/2020,30,London,39-097-0007,AQS
9/15/2020,28,London,39-097-0007,AQS
9/16/2020,41,London,39-097-0007,AQS
9/17/2020,37,London,39-097-0007,AQS
9/18/2020,32,London,39-097-0007,AQS
9/19/2020,36,London,39-097-0007,AQS
9/20/2020,38,London,39-097-0007,AQS
9/21/2020,39,Delaware,39-041-0002,AQS
9/22/2020,48,New Albany,39-049-0029,AQS
9/23/2020,61,New Albany,39-049-0029,AQS
9/24/2020,51,New Albany,39-049-0029,AQS
9/25/2020,51,Delaware,39-041-0002,AQS
9/26/2020,39,Delaware,39-041-0002,AQS
9/27/2020,32,Delaware,39-041-0002,AQS
9/28/2020,31,New Albany,39-049-0029,AQS
9/29/2020,20,Delaware,39-041-0002,AQS
9/30/2020,33,London,39-097-0007,AQS
10/1/2020,30,London,39-097-0007,AQS
10/2/2020,24,Delaware,39-041-0002,AQS
10/3/2020,28,London,39-097-0007,AQS
10/4/2020,26,New Albany,39-049-0029,AQS
10/5/2020,25,London,39-097-0007,AQS
10/6/2020,38,Delaware,39-041-0002,AQS
10/7/2020,46,Delaware,39-041-0002,AQS
10/8/2020,39,London,39-097-0007,AQS
10/9/2020,44,London,39-097-0007,AQS
10/10/2020,30,Delaware,39-041-0002,AQS
10/11/2020,23,London,39-097-0007,AQS
10/12/2020,26,New Albany,39-049-0029,AQS
10/13/2020,35,London,39-097-0007,AQS
10/14/2020,42,New Albany,39-049-0029,AQS
10/15/2020,34,Reynoldsburg,39-089-0008,AQS
10/16/2020,32,Delaware,39-041-0002,AQS
10/17/2020,36,London,39-097-0007,AQS
10/18/2020,28,New Albany,39-049-0029,AQS
10/19/2020,40,New Albany,39-049-0029,AQS
10/20/2020,29,New Albany,39-049-0029,AQS
10/21/2020,20,Heath,39-089-0005,AQS
10/22/2020,31,Delaware,39-041-0002,AQS
10/23/2020,31,Delaware,39-041-0002,AQS
10/24/2020,22,Delaware,39-041-0002,AQS
10/25/2020,24,Delaware,39-041-0002,AQS
10/26/2020,18,London,39-097-0007,AQS
10/27/2020,13,Delaware,39-041-0002,AQS
10/28/2020,15,London,39-097-0007,AQS
10/29/2020,27,New Albany,39-049-0029,AQS
10/30/2020,28,London,39-097-0007,AQS
10/31/2020,31,Delaware,39-041-0002,AQS
