-inf,9.999161019739837286e-01,9.998670720969132786e-01,9.999126561073016228e-01,9.999648143290607027e-01,9.923867744253307421e-01,9.998754241354993466e-01,9.999975762149012626e-01,9.988821662471729645e-01,9.999420515701875622e-01,6.442708050310982371e-01,6.273141354952060933e-01,9.998146195528661018e-01,9.998778725142479784e-01,9.756989307696686264e-01,9.999833293651479993e-01,9.999937950581633261e-01,9.999886900952852375e-01,9.999859073872262583e-01,9.592581789805486592e-01,9.999932122506480781e-01,9.996341350339356113e-01,9.999572372196755543e-01,9.585679722932585189e-01,9.998855762404491587e-01,9.986935818932379805e-01,9.858509356065541240e-01,9.998884018827273179e-01,9.998847836156751212e-01,9.999868632626002229e-01,9.997024652117383337e-01,9.573331705869345676e-01,7.249281950300383581e-01,9.999755564240366823e-01,9.998521903248815956e-01,9.999824366617440230e-01,9.999480852299285072e-01,9.998199279916086812e-01,9.999846241245401446e-01,9.999391607112017022e-01,9.822487873137168979e-01,9.998740004653265956e-01,8.740143081828462002e-01,9.999846548479036645e-01,9.999401147220567942e-01,9.999729403613077938e-01,9.999913939653752859e-01,6.475260578630930297e-01,9.747735902858604140e-01,9.983645314305880092e-01,9.822434193445600537e-01,9.538859463595400490e-01,9.999752879379152359e-01,9.999472499360241295e-01,9.999877639110978933e-01,9.938455544313407053e-01,8.120329044889784686e-01,9.998998454056922114e-01,9.999067912440571249e-01,9.999045572699826190e-01
9.999161019739837286e-01,-inf,9.995991275982054614e-01,9.999988517994757853e-01,9.999780184253538318e-01,9.907979427794215699e-01,9.999885842527647117e-01,9.998934073822078883e-01,9.982451491588395509e-01,9.999051970763679353e-01,6.355516326271166694e-01,6.187120250256884502e-01,9.994891783695947218e-01,9.999944268403782033e-01,9.729484422862020310e-01,9.999711662010395408e-01,9.999518627297335760e-01,9.999212544702750227e-01,9.998650009436473862e-01,9.556781673583818471e-01,9.999114073056061258e-01,9.992981924334729538e-01,9.998523964620692484e-01,9.550511954230350709e-01,9.999865447560730702e-01,9.979799580600255959e-01,9.836811559869079735e-01,9.999922625890587113e-01,9.997351818260542533e-01,9.999637004208764557e-01,9.993600378212820212e-01,9.536472354533744866e-01,7.166572160927509039e-01,9.999657245727097132e-01,9.999886991702220396e-01,9.998489625659450208e-01,9.999861164167488381e-01,9.999444074559752371e-01,9.998563255479784306e-01,9.999912061846392142e-01,9.799382713532671652e-01,9.998660177681985006e-01,8.680023029229794185e-01,9.999493607096340275e-01,9.999958189635979044e-01,9.999350659352319592e-01,9.998851942250562841e-01,6.393578945708466854e-01,9.719860240720770150e-01,9.975834782634322995e-01,9.798810958689023742e-01,9.502185144485084667e-01,9.999680316480644704e-01,9.999933418963620202e-01,9.999228727489563040e-01,9.924382937552646000e-01,8.049147104491825022e-01,9.999950379916371368e-01,9.999921340672407455e-01,9.996496195293727016e-01
9.998670720969132786e-01,9.995991275982054614e-01,-inf,9.995864627857008466e-01,9.997045879563443149e-01,9.939179157204869330e-01,9.994963721167799964e-01,9.998823366685012370e-01,9.995154828017198678e-01,9.998163794840547736e-01,6.536810409356016427e-01,6.370199946124529555e-01,9.999612283816868841e-01,9.995180351402596086e-01,9.785379183634604905e-01,9.997719284720002486e-01,9.998187824878871366e-01,9.998265524484342137e-01,9.999229465741260592e-01,9.631850079010632060e-01,9.998815076822559211e-01,9.998322147072956634e-01,9.998055934442890980e-01,9.628464529254007198e-01,9.995330786930143319e-01,9.993501888724344306e-01,9.881213900722098931e-01,9.995254490591566343e-01,9.998057415737856557e-01,9.997813753917558222e-01,9.998393830486278500e-01,9.615554217428463613e-01,7.338527715286364828e-01,9.997841695171586496e-01,9.994720270889027036e-01,9.999176358884036553e-01,9.996902089097583488e-01,9.993843179899071227e-01,9.999122147942596239e-01,9.996743481274688037e-01,9.850731151784961614e-01,9.995680765181256255e-01,8.815306296801039831e-01,9.997793002162673748e-01,9.996412131395716605e-01,9.998228210554547246e-01,9.998968550086554385e-01,6.572057490652385425e-01,9.779110897143517001e-01,9.991421566447973301e-01,9.847291078392598207e-01,9.577189097887605085e-01,9.997709733972187651e-01,9.996627668912648756e-01,9.998240913417272280e-01,9.953639568730681120e-01,8.203571523899589879e-01,9.995719031824692458e-01,9.995963656345808745e-01,9.999524670117306835e-01
9.999126561073016228e-01,9.999988517994757853e-01,9.995864627857008466e-01,-inf,9.999802067320436860e-01,9.907643157256010857e-01,9.999903832389402947e-01,9.998901376865660939e-01,9.982151322428453044e-01,9.998965629276876932e-01,6.352441666964994127e-01,6.184784810430993263e-01,9.994818276327225304e-01,9.999962605596668386e-01,9.729017165858190319e-01,9.999703370994181828e-01,9.999485255295000874e-01,9.999170815567695048e-01,9.998552356261998231e-01,9.555541623099388371e-01,9.999061202293494377e-01,9.992850401267909799e-01,9.998553877120661681e-01,9.548920645767897675e-01,9.999882215739805957e-01,9.979483690398669449e-01,9.836022763283009951e-01,9.999915564217133346e-01,9.997315922556192502e-01,9.999629179495385101e-01,9.993454599988470521e-01,9.535109067506500891e-01,7.164448100143852027e-01,9.999614743655460547e-01,9.999901206901661288e-01,9.998383123176204368e-01,9.999832884542850797e-01,9.999500352242485235e-01,9.998482871897583779e-01,9.999869951838483706e-01,9.798247461208952069e-01,9.998722639533011991e-01,8.677270802883663148e-01,9.999470868001711921e-01,9.999949418891146413e-01,9.999278548536902900e-01,9.998762314512713578e-01,6.389901643182195334e-01,9.718622925138785673e-01,9.975475859571448778e-01,9.798270953218612966e-01,9.501059828342153235e-01,9.999661344762679205e-01,9.999946717941107233e-01,9.999181232990838053e-01,9.923785773446287539e-01,8.047142228879213821e-01,9.999951482259850088e-01,9.999924303277737403e-01,9.996429004973420573e-01
9.999648143290607027e-01,9.999780184253538318e-01,9.997045879563443149e-01,9.999802067320436860e-01,-inf,9.915428420619132321e-01,9.999662853649852190e-01,9.999528733138990377e-01,9.984654372466674754e-01,9.999025163916436254e-01,6.395232439231216537e-01,6.227866858498358749e-01,9.996433850785731989e-01,9.999613990614977244e-01,9.742504961407039143e-01,9.999911980302437220e-01,9.999801089562301293e-01,9.999707987067235626e-01,9.999136357691336130e-01,9.571883393807273377e-01,9.999484756048581113e-01,9.994671122339808811e-01,9.999390146570488191e-01,9.563788886313094872e-01,9.999570280053446947e-01,9.982599379691612373e-01,9.845895276318011868e-01,9.999670382757309683e-01,9.998435006748349618e-01,9.999936772206655666e-01,9.995303357674645284e-01,9.551200522936427184e-01,7.204763572243205738e-01,9.999714293455564951e-01,9.999443042482794031e-01,9.999064355261602088e-01,9.999785917653469802e-01,9.999347341828486169e-01,9.999195796565882866e-01,9.999775310171882259e-01,9.807742146773996694e-01,9.999177253427389278e-01,8.701536577086882440e-01,9.999880380562933269e-01,9.999892988215972611e-01,9.999429071620931087e-01,9.999346499255373777e-01,6.428020746324260015e-01,9.731025418482857070e-01,9.978670692650843943e-01,9.809636043377465420e-01,9.518910612687619954e-01,9.999784387250431061e-01,9.999940754719374159e-01,9.999714908855529272e-01,9.930121798972081359e-01,8.080124652124375251e-01,9.999640621378433902e-01,9.999637929001360392e-01,9.997723341263771157e-01
9.923867744253307421e-01,9.907979427794215699e-01,9.939179157204869330e-01,9.907643157256010857e-01,9.915428420619132321e-01,-inf,9.905609226373309761e-01,9.925565719434412681e-01,9.961583572909917805e-01,9.916378330457618073e-01,7.310503408135196057e-01,7.154610431809248494e-01,9.944623063668612817e-01,9.904049218535831978e-01,9.951976715563981557e-01,9.916939927207948369e-01,9.919792744317842415e-01,9.923949702877341572e-01,9.926785848650891975e-01,9.863544148922258614e-01,9.922808931949155253e-01,9.949346561173190162e-01,9.927930297910552149e-01,9.845063020504654094e-01,9.904368722122670610e-01,9.970539540046590155e-01,9.986284919008354688e-01,9.906119724765594103e-01,9.934064043213649553e-01,9.918881889502777494e-01,9.949209297802000806e-01,9.845901609636976692e-01,8.038368436926650595e-01,9.915934329526420177e-01,9.901705977875602249e-01,9.928191777313293276e-01,9.911617164531477675e-01,9.904452561141761091e-01,9.928887626332492111e-01,9.911221189935098819e-01,9.961444023164345296e-01,9.915540966045830462e-01,9.231430170313923433e-01,9.920610869625181572e-01,9.910844332037728188e-01,9.917743666467028207e-01,9.926369813963772382e-01,7.301394191319474647e-01,9.941362963066894265e-01,9.970746251506250601e-01,9.977987216239283530e-01,9.833833606386779280e-01,9.915530120604152398e-01,9.911613336530101792e-01,9.923760173979929711e-01,9.995403179241897362e-01,8.769388442789235460e-01,9.905632642822970180e-01,9.906327847827118838e-01,9.938110672941730117e-01
9.998754241354993466e-01,9.999885842527647117e-01,9.994963721167799964e-01,9.999903832389402947e-01,9.999662853649852190e-01,9.905609226373309761e-01,-inf,9.998509018050240060e-01,9.980294249092285241e-01,9.998331922434875452e-01,6.346933751560354109e-01,6.177287174197609865e-01,9.994010719781806218e-01,9.999891369957678577e-01,9.725429989716263268e-01,9.999414708026279630e-01,9.999163706421689835e-01,9.998966635362256383e-01,9.998035221292712604e-01,9.550596770775501287e-01,9.998568792238510250e-01,9.992098571190282108e-01,9.998380934785765506e-01,9.542006547635364377e-01,9.999779463827948023e-01,9.977983762402219403e-01,9.832912492014068695e-01,9.999974862629669170e-01,9.997119553988620400e-01,9.999386865300901039e-01,9.993052421610348901e-01,9.528797614905047952e-01,7.156790645806855311e-01,9.999232230758091644e-01,9.999851219482315257e-01,9.997943105107235384e-01,9.999572168289884155e-01,9.999791800266953912e-01,9.998092531002297223e-01,9.999650187304321980e-01,9.793192763074195506e-01,9.998758053392170497e-01,8.665236002493519329e-01,9.999318826849794561e-01,9.999867028116690149e-01,9.998805516384741132e-01,9.998377921168731808e-01,6.382625534908504816e-01,9.714425469080859576e-01,9.973562000622160362e-01,9.794936678172718736e-01,9.497425987223527821e-01,9.999289481648591105e-01,9.999786670828858526e-01,9.998974809572991340e-01,9.921319453862081916e-01,8.036397079961855594e-01,9.999802384473904793e-01,9.999711376614200953e-01,9.995809385958728255e-01
9.999975762149012626e-01,9.998934073822078883e-01,9.998823366685012370e-01,9.998901376865660939e-01,9.999528733138990377e-01,9.925565719434412681e-01,9.998509018050240060e-01,-inf,9.989354889537240823e-01,9.999321780420414862e-01,6.451411612300922416e-01,6.280948848838654452e-01,9.998433208953110274e-01,9.998527752405218516e-01,9.760035055424171047e-01,9.999733039899941778e-01,9.999860906488516887e-01,9.999836180820611542e-01,9.999861807981803574e-01,9.596458381993119291e-01,9.999896038755377026e-01,9.996545924569426589e-01,9.999564037252389737e-01,9.589116245154138962e-01,9.998648942645311788e-01,9.987577944990154721e-01,9.860852778367914517e-01,9.998650674224717205e-01,9.998894759387638720e-01,9.999771647846431577e-01,9.997271214112606330e-01,9.577259561518747244e-01,7.258170564615087361e-01,9.999634198033487964e-01,9.998245505719455251e-01,9.999861661960581793e-01,9.999333528203533383e-01,9.998000568918314901e-01,9.999846322657396369e-01,9.999201750161940128e-01,9.824605157547602330e-01,9.998797355067658987e-01,8.746097874399776373e-01,9.999778983555304146e-01,9.999219730512159954e-01,9.999633380503788471e-01,9.999896949571737137e-01,6.481537229218852225e-01,9.750512021307711219e-01,9.984361548359550476e-01,9.824924926672922165e-01,9.542854237548993313e-01,9.999650820037427890e-01,9.999307950356917107e-01,9.999837034390022250e-01,9.939737756530434565e-01,8.127642456912310687e-01,9.998763649787941743e-01,9.998845738477590839e-01,9.999283771598255210e-01
9.988821662471729645e-01,9.982451491588395509e-01,9.995154828017198678e-01,9.982151322428453044e-01,9.984654372466674754e-01,9.961583572909917805e-01,9.980294249092285241e-01,9.989354889537240823e-01,-inf,9.988366412408794526e-01,6.714482967238887268e-01,6.547604109472821010e-01,9.995186176095218755e-01,9.980829219319696799e-01,9.832779030166539647e-01,9.986288737309497732e-01,9.987498789679275513e-01,9.987804803654758423e-01,9.990713878605390619e-01,9.701284390524339551e-01,9.989328958137743131e-01,9.994299832807237438e-01,9.987796082613367155e-01,9.703017384485606023e-01,9.981277289761886218e-01,9.998954664318725483e-01,9.918553276315918987e-01,9.980944396942657004e-01,9.988954101183592504e-01,9.986469479941636473e-01,9.993817623800026473e-01,9.690414780470626432e-01,7.506029340172324371e-01,9.986782384809088642e-01,9.979988158284962552e-01,9.990717990328659148e-01,9.984545953159249532e-01,9.978229943465807272e-01,9.990406720178219846e-01,9.984149464985418998e-01,9.897135173847898537e-01,9.982793724585459216e-01,8.953795841530443056e-01,9.986517992671187782e-01,9.983309614677099431e-01,9.988030382031335419e-01,9.989854563306833635e-01,6.750325511770751685e-01,9.832596937478650378e-01,9.999233202852048086e-01,9.887622242593391286e-01,9.644658604912390576e-01,9.986419224240482562e-01,9.983744263682990949e-01,9.987737564032023174e-01,9.975227557828141300e-01,8.355590630596861912e-01,9.982024199059261749e-01,9.982584591252698925e-01,9.993365140958563320e-01
9.999420515701875622e-01,9.999051970763679353e-01,9.998163794840547736e-01,9.998965629276876932e-01,9.999025163916436254e-01,9.916378330457618073e-01,9.998331922434875452e-01,9.999321780420414862e-01,9.988366412408794526e-01,-inf,6.394793548689133855e-01,6.224622918681416150e-01,9.996878556664186011e-01,9.998792333123162068e-01,9.744221914571051801e-01,9.999505544782578692e-01,9.999555075691178851e-01,9.998972228000624352e-01,9.999521405850229083e-01,9.579438483609197252e-01,9.999718602212880336e-01,9.994452512338406480e-01,9.998060880699660702e-01,9.577635009015846856e-01,9.998944625313013201e-01,9.985051575368071308e-01,9.850720076480892207e-01,9.998582673689464517e-01,9.996982062015210557e-01,9.999291772672282974e-01,9.994759062690188323e-01,9.562929070180359314e-01,7.207912854411079318e-01,9.999778991568613051e-01,9.998660369993541686e-01,9.999268756039809691e-01,9.999476465432777239e-01,9.997339157766661488e-01,9.999063431563735005e-01,9.999340846926310089e-01,9.818276078886257752e-01,9.997621488140943091e-01,8.729720491395395188e-01,9.999019136299814869e-01,9.999080479988552428e-01,9.999899936532786748e-01,9.999326944926953953e-01,6.435166955518696330e-01,9.738415479637430039e-01,9.982459159452912179e-01,9.812165791874621901e-01,9.520975493857917193e-01,9.999713918618442499e-01,9.999173352654839864e-01,9.998982997596108646e-01,9.933755110505698704e-01,8.093297815256216277e-01,9.999129062365214038e-01,9.999273304718648836e-01,9.997984184664454599e-01
6.442708050310982371e-01,6.355516326271166694e-01,6.536810409356016427e-01,6.352441666964994127e-01,6.395232439231216537e-01,7.310503408135196057e-01,6.346933751560354109e-01,6.451411612300922416e-01,6.714482967238887268e-01,6.394793548689133855e-01,-inf,9.906117402365023361e-01,6.568826871801808354e-01,6.331753300638297555e-01,7.895606350346063840e-01,6.401381785126111224e-01,6.419778095251291727e-01,6.450204196920703570e-01,6.461633213090609562e-01,8.263943292901146931e-01,6.434671844632766646e-01,6.616873845503186136e-01,6.473695560194986376e-01,8.154329102863711043e-01,6.330401325801220391e-01,6.791917689858388840e-01,7.576047043287036376e-01,6.349242824211893677e-01,6.517297551069262118e-01,6.415096551469374742e-01,6.625038410670113231e-01,8.222162219747035650e-01,9.891434910687368909e-01,6.395651402383570883e-01,6.319524685093828031e-01,6.472089667192060247e-01,6.369722119481094902e-01,6.342384213205423116e-01,6.479328199037994729e-01,6.371324105677371730e-01,7.598307071664910373e-01,6.392742085526043061e-01,8.962286889816164503e-01,6.428719002770839630e-01,6.372191186898455983e-01,6.406437631925743226e-01,6.462737510894461801e-01,9.874956000657291177e-01,7.917295421638266273e-01,6.801017457737149607e-01,7.711999584593264290e-01,8.410199948870578091e-01,6.390453014356133332e-01,6.372373885075427458e-01,6.447940159732719057e-01,7.210244619864437654e-01,9.509493354931589648e-01,6.339643237198145931e-01,6.341538822486689764e-01,6.527163420397182891e-01
6.273141354952060933e-01,6.187120250256884502e-01,6.370199946124529555e-01,6.184784810430993263e-01,6.227866858498358749e-01,7.154610431809248494e-01,6.177287174197609865e-01,6.280948848838654452e-01,6.547604109472821010e-01,6.224622918681416150e-01,9.906117402365023361e-01,-inf,6.401342028634486869e-01,6.163424334528104787e-01,7.767582187951310724e-01,6.232895350092387821e-01,6.250018680321807185e-01,6.281000438125422525e-01,6.290638580241509903e-01,8.101832905242888350e-01,6.265361475251458589e-01,6.462834471824502325e-01,6.308512411627693606e-01,8.025646004914812615e-01,6.158545654663816205e-01,6.621622027171151226e-01,7.400871399421127261e-01,6.177695536938212495e-01,6.356131940789978563e-01,6.247679231739092787e-01,6.454233137217851857e-01,8.068184901611785698e-01,9.817909226944205869e-01,6.226251229593642300e-01,6.150445701153236522e-01,6.298586470875278120e-01,6.200568204331317057e-01,6.170164776137608831e-01,6.309398810544233349e-01,6.204069754820729088e-01,7.457477975772003331e-01,6.217210346988892855e-01,8.825140564158965306e-01,6.259058814276320382e-01,6.202038497237333248e-01,6.234890205546737008e-01,6.291501802320259573e-01,9.865172654154563681e-01,7.756221213641966150e-01,6.629993459109529974e-01,7.578883550908306344e-01,8.259130332403896713e-01,6.221444119224499580e-01,6.204786934490345018e-01,6.278758729607143430e-01,7.056883139165410768e-01,9.493247775748077100e-01,6.170112207769584689e-01,6.172756028740892242e-01,6.353925151621113709e-01
9.998146195528661018e-01,9.994891783695947218e-01,9.999612283816868841e-01,9.994818276327225304e-01,9.996433850785731989e-01,9.944623063668612817e-01,9.994010719781806218e-01,9.998433208953110274e-01,9.995186176095218755e-01,9.996878556664186011e-01,6.568826871801808354e-01,6.401342028634486869e-01,-inf,9.994017887361480446e-01,9.795734684129071557e-01,9.996951587291039720e-01,9.997443476574144894e-01,9.997821349841623517e-01,9.998549119578364897e-01,9.642931478863205896e-01,9.998044372896527365e-01,9.998801545276452263e-01,9.998083873282388456e-01,9.636194031435387775e-01,9.994259553438730181e-01,9.994401138561500586e-01,9.887689473957861352e-01,9.994251588209618342e-01,9.998332129029814386e-01,9.997176722080434175e-01,9.998983107569653361e-01,9.625584668081201833e-01,7.370078245772807568e-01,9.996810114212441034e-01,9.993446000968932985e-01,9.998677572801251134e-01,9.995957981345044985e-01,9.993320049865380694e-01,9.998619973398759075e-01,9.995704545789335649e-01,9.854565427922260534e-01,9.995920948849038590e-01,8.826398052941788475e-01,9.997322323496445895e-01,9.995492515097181840e-01,9.997128461517578168e-01,9.998370291381425412e-01,6.592284339120123571e-01,9.786417479736706504e-01,9.992081625196155281e-01,9.855277416373917632e-01,9.590897102264864804e-01,9.996808739368350238e-01,9.995773046340902246e-01,9.997834412505948176e-01,9.956676487868896253e-01,8.226254970192604654e-01,9.994496477221502806e-01,9.994725157251717063e-01,9.999732610358880169e-01
9.998778725142479784e-01,9.999944268403782033e-01,9.995180351402596086e-01,9.999962605596668386e-01,9.999613990614977244e-01,9.904049218535831978e-01,9.999891369957678577e-01,9.998527752405218516e-01,9.980829219319696799e-01,9.998792333123162068e-01,6.331753300638297555e-01,6.163424334528104787e-01,9.994017887361480446e-01,-inf,9.722916421475338300e-01,9.999499095303006069e-01,9.999220317341747100e-01,9.998798162351245633e-01,9.998147258134478799e-01,9.547924680062223057e-01,9.998744082590327320e-01,9.991837545806172560e-01,9.998075834861531730e-01,9.541561180768364236e-01,9.999932962161556249e-01,9.977896177009162315e-01,9.831416978312969013e-01,9.999901402551149010e-01,9.996678927764697242e-01,9.999372131230027660e-01,9.992467168294935087e-01,9.527556245012098746e-01,7.145776255729907600e-01,9.999435647113936732e-01,9.999983406555472687e-01,9.997948945142643984e-01,9.999740901768084944e-01,9.999507817243009633e-01,9.998012218438493415e-01,9.999767388001982171e-01,9.793390847905999452e-01,9.998563991156312891e-01,8.665333654785066786e-01,9.999174684698758364e-01,9.999852475946203745e-01,9.999068646079459777e-01,9.998353468311239611e-01,6.369528697741239087e-01,9.712549145898420333e-01,9.973852975077119876e-01,9.792978923209393338e-01,9.492771251365382801e-01,9.999497521096489816e-01,9.999839732579685059e-01,9.998817013871731385e-01,9.920576391839109887e-01,8.031512239691561694e-01,9.999965384555680181e-01,9.999929817712959190e-01,9.995797065144513827e-01
9.756989307696686264e-01,9.729484422862020310e-01,9.785379183634604905e-01,9.729017165858190319e-01,9.742504961407039143e-01,9.951976715563981557e-01,9.725429989716263268e-01,9.760035055424171047e-01,9.832779030166539647e-01,9.744221914571051801e-01,7.895606350346063840e-01,7.767582187951310724e-01,9.795734684129071557e-01,9.722916421475338300e-01,-inf,9.744945965208656746e-01,9.749716502847767252e-01,9.757038807006852554e-01,9.762068860633172918e-01,9.967701076004871208e-01,9.755175560736413232e-01,9.806267243321064031e-01,9.764781538003074468e-01,9.943974055611618512e-01,9.723317592178750690e-01,9.849512300389313690e-01,9.977335478310737082e-01,9.726098087179536611e-01,9.776566803645373449e-01,9.748385951760595303e-01,9.803574891820735493e-01,9.953528791771084627e-01,8.565235640928259286e-01,9.743086802398235324e-01,9.718885009543478670e-01,9.764400223416090929e-01,9.735938125979962665e-01,9.723862098343718507e-01,9.765663849075384428e-01,9.735296112091752496e-01,9.964025677359784616e-01,9.743579426339400440e-01,9.513881698376046581e-01,9.751235036746643825e-01,9.734210481302419948e-01,9.746103160624808304e-01,9.761149675861511277e-01,7.850703248605146456e-01,9.984063988437118509e-01,9.852633877180990707e-01,9.994047201881331999e-01,9.957005766188964380e-01,9.742580409493593052e-01,9.735883563076225267e-01,9.756821175509098332e-01,9.932161613180920945e-01,9.189541322854096750e-01,9.725419466689451120e-01,9.726702428044643467e-01,9.783007343042554593e-01
9.999833293651479993e-01,9.999711662010395408e-01,9.997719284720002486e-01,9.999703370994181828e-01,9.999911980302437220e-01,9.916939927207948369e-01,9.999414708026279630e-01,9.999733039899941778e-01,9.986288737309497732e-01,9.999505544782578692e-01,6.401381785126111224e-01,6.232895350092387821e-01,9.996951587291039720e-01,9.999499095303006069e-01,9.744945965208656746e-01,-inf,9.999956804312297720e-01,9.999743776968333941e-01,9.999514609362519790e-01,9.576520407479386376e-01,9.999796998753970323e-01,9.994975545199041855e-01,9.999284876941484379e-01,9.569963004889207037e-01,9.999520073730946423e-01,9.983945580383311036e-01,9.848837965408040462e-01,9.999494654132325966e-01,9.998299304062850945e-01,9.999964128779001982e-01,9.995580562953551018e-01,9.556983943188576136e-01,7.211404969132333420e-01,9.999931944845394938e-01,9.999326515454396436e-01,9.999401441577621119e-01,9.999850844001741956e-01,9.998899006010406598e-01,9.999444931634438039e-01,9.999794662969251346e-01,9.812266511973567473e-01,9.998923622387636545e-01,8.713468795627934416e-01,9.999857749050190536e-01,9.999826130260276447e-01,9.999781595345681451e-01,9.999606401738355688e-01,6.436147803358860386e-01,9.735060103298488476e-01,9.980426815186396183e-01,9.812048945483745621e-01,9.522085754602629404e-01,9.999957881438503726e-01,9.999886026812759843e-01,9.999743080826588582e-01,9.932219062535241338e-01,8.088470846555230187e-01,9.999629493950196180e-01,9.999673067443559660e-01,9.998153661954762850e-01
9.999937950581633261e-01,9.999518627297335760e-01,9.998187824878871366e-01,9.999485255295000874e-01,9.999801089562301293e-01,9.919792744317842415e-01,9.999163706421689835e-01,9.999860906488516887e-01,9.987498789679275513e-01,9.999555075691178851e-01,6.419778095251291727e-01,6.250018680321807185e-01,9.997443476574144894e-01,9.999220317341747100e-01,9.749716502847767252e-01,9.999956804312297720e-01,-inf,9.999841017593376069e-01,9.999734163787639130e-01,9.583474514654433118e-01,9.999908657228917530e-01,9.995514360564318190e-01,9.999379855632473113e-01,9.576882139856310872e-01,9.999264083034399286e-01,9.985337124827000643e-01,9.853040753842368105e-01,9.999282195248013760e-01,9.998485655580141573e-01,9.999942845414340198e-01,9.996260676563657466e-01,9.564057790632827238e-01,7.227404487058619598e-01,9.999916941793923764e-01,9.999022049512040766e-01,9.999655196978223248e-01,9.999714961687058423e-01,9.998580848600341353e-01,9.999684621916636873e-01,9.999654771691410815e-01,9.816869865349856505e-01,9.998748165580800817e-01,8.725765394938286290e-01,9.999876190149218358e-01,9.999686605707198694e-01,9.999847157076916515e-01,9.999809952502287658e-01,6.454852584051642417e-01,9.740716810393086345e-01,9.981941378573374601e-01,9.816280353629063260e-01,9.529158107478226114e-01,9.999903127309627271e-01,9.999724389392598001e-01,9.999826051888597300e-01,9.934990155308749404e-01,8.101705017186152658e-01,9.999407881279438470e-01,9.999460088479372732e-01,9.998540019555741676e-01
9.999886900952852375e-01,9.999212544702750227e-01,9.998265524484342137e-01,9.999170815567695048e-01,9.999707987067235626e-01,9.923949702877341572e-01,9.998966635362256383e-01,9.999836180820611542e-01,9.987804803654758423e-01,9.998972228000624352e-01,6.450204196920703570e-01,6.281000438125422525e-01,9.997821349841623517e-01,9.998798162351245633e-01,9.757038807006852554e-01,9.999743776968333941e-01,9.999841017593376069e-01,-inf,9.999654727365446805e-01,9.591980853489671111e-01,9.999696788338083842e-01,9.996462756932593674e-01,9.999756324393799245e-01,9.583540633651878027e-01,9.998765996580303295e-01,9.986413899823531892e-01,9.857919004001811647e-01,9.999044357764963475e-01,9.999215520522898304e-01,9.999873723526159219e-01,9.997275862069895380e-01,9.571328116631905303e-01,7.252776620442297206e-01,9.999570669175722459e-01,9.998534995592009977e-01,9.999683632532099242e-01,9.999368064002436274e-01,9.998533323521568983e-01,9.999825847025771708e-01,9.999380117355403108e-01,9.820717259377670372e-01,9.998785057730210646e-01,8.735308738011491325e-01,9.999952030252712287e-01,9.999469996615244494e-01,9.999449189366458324e-01,9.999850925558384507e-01,6.482993030100665521e-01,9.747286114264641643e-01,9.982695015272111672e-01,9.822400947688316730e-01,9.540135540915898327e-01,9.999549388507942282e-01,9.999473922188862884e-01,9.999986185658815696e-01,9.938165283859349275e-01,8.119792674113639475e-01,9.998938223898513611e-01,9.998949310724221107e-01,9.998755163398791446e-01
9.999859073872262583e-01,9.998650009436473862e-01,9.999229465741260592e-01,9.998552356261998231e-01,9.999136357691336130e-01,9.926785848650891975e-01,9.998035221292712604e-01,9.999861807981803574e-01,9.990713878605390619e-01,9.999521405850229083e-01,6.461633213090609562e-01,6.290638580241509903e-01,9.998549119578364897e-01,9.998147258134478799e-01,9.762068860633172918e-01,9.999514609362519790e-01,9.999734163787639130e-01,9.999654727365446805e-01,-inf,9.601259122405904067e-01,9.999911866240633884e-01,9.996791175923092077e-01,9.999160465771724793e-01,9.596056821582209517e-01,9.998262462291520603e-01,9.988737745774339816e-01,9.863696703888399364e-01,9.998258053716225779e-01,9.998610641627575513e-01,9.999525358447904910e-01,9.997419544439632988e-01,9.583082914318987733e-01,7.266230820268807511e-01,9.999582165129675682e-01,9.997872938948635380e-01,9.999954527179979458e-01,9.999124786845305923e-01,9.997248367556430537e-01,9.999887959618348754e-01,9.999029608782715739e-01,9.829662048123744000e-01,9.998014512399142628e-01,8.759064331280372873e-01,9.999503207905151569e-01,9.998907547993696188e-01,9.999718042723232392e-01,9.999947270615959782e-01,6.496663129714490559e-01,9.755198376273661598e-01,9.985857331621971200e-01,9.827220185167550026e-01,9.546519513923048539e-01,9.999501196457800667e-01,9.998963293293690047e-01,9.999646971957564245e-01,9.942074167863473866e-01,8.137161800999314076e-01,9.998483358057057568e-01,9.998592684458731394e-01,9.999283676291270684e-01
9.592581789805486592e-01,9.556781673583818471e-01,9.631850079010632060e-01,9.555541623099388371e-01,9.571883393807273377e-01,9.863544148922258614e-01,9.550596770775501287e-01,9.596458381993119291e-01,9.701284390524339551e-01,9.579438483609197252e-01,8.263943292901146931e-01,8.101832905242888350e-01,9.642931478863205896e-01,9.547924680062223057e-01,9.967701076004871208e-01,9.576520407479386376e-01,9.583474514654433118e-01,9.591980853489671111e-01,9.601259122405904067e-01,-inf,9.591311966389167720e-01,9.654359383860748878e-01,9.599111998350294828e-01,9.981691531053255018e-01,9.549235853874196156e-01,9.721780925229436265e-01,9.929771659581589915e-01,9.552492754767516470e-01,9.614004721673804488e-01,9.580318290371524492e-01,9.653836311574518492e-01,9.994032653088267271e-01,8.868891203131020751e-01,9.575711218281550696e-01,9.543189039674901952e-01,9.604418795242652962e-01,9.565618418366844677e-01,9.547229720461987146e-01,9.604679200521027971e-01,9.564634373451486038e-01,9.932138959846344983e-01,9.572424748626896518e-01,9.716100011597048614e-01,9.584140028415685242e-01,9.562805674195891115e-01,9.581063570362016169e-01,9.599428294168881326e-01,8.215819294154376173e-01,9.978244089722420052e-01,9.729461417933343848e-01,9.946084120374429904e-01,9.988926010017844526e-01,9.574275310133668615e-01,9.564087778834491349e-01,9.591662372006535264e-01,9.842999801071257160e-01,9.419101006261356712e-01,9.552060399424643355e-01,9.553712523731490158e-01,9.627190095344890786e-01
9.999932122506480781e-01,9.999114073056061258e-01,9.998815076822559211e-01,9.999061202293494377e-01,9.999484756048581113e-01,9.922808931949155253e-01,9.998568792238510250e-01,9.999896038755377026e-01,9.989328958137743131e-01,9.999718602212880336e-01,6.434671844632766646e-01,6.265361475251458589e-01,9.998044372896527365e-01,9.998744082590327320e-01,9.755175560736413232e-01,9.999796998753970323e-01,9.999908657228917530e-01,9.999696788338083842e-01,9.999911866240633884e-01,9.591311966389167720e-01,-inf,9.996066018010190124e-01,9.999207261848498396e-01,9.586135287792544313e-01,9.998837348822007254e-01,9.987003162301665293e-01,9.857747996826710102e-01,9.998739383851955598e-01,9.998399576527065014e-01,9.999756502340165776e-01,9.996610987463938613e-01,9.573042909112818855e-01,7.242852369058891959e-01,9.999843466715340190e-01,9.998511031655741288e-01,9.999798227351205382e-01,9.999487624004206321e-01,9.997818923105482591e-01,9.999766772027510742e-01,9.999381702293080876e-01,9.823227867431149063e-01,9.998335747229228909e-01,8.742256508844222784e-01,9.999649986704487459e-01,9.999302729191599237e-01,9.999890319299099550e-01,9.999868195990668784e-01,6.470502083459311882e-01,9.747079927503168317e-01,9.984012034431503091e-01,9.821156454025707916e-01,9.536038061341224337e-01,9.999806533887289905e-01,9.999391063258237233e-01,9.999682937347380562e-01,9.938221116870165073e-01,8.117847598206743287e-01,9.999024040198341012e-01,9.999131654227207955e-01,9.998937980333276743e-01
9.996341350339356113e-01,9.992981924334729538e-01,9.998322147072956634e-01,9.992850401267909799e-01,9.994671122339808811e-01,9.949346561173190162e-01,9.992098571190282108e-01,9.996545924569426589e-01,9.994299832807237438e-01,9.994452512338406480e-01,6.616873845503186136e-01,6.462834471824502325e-01,9.998801545276452263e-01,9.991837545806172560e-01,9.806267243321064031e-01,9.994975545199041855e-01,9.995514360564318190e-01,9.996462756932593674e-01,9.996791175923092077e-01,9.654359383860748878e-01,9.996066018010190124e-01,-inf,9.997030523087434561e-01,9.649297077499991993e-01,9.991641695435375947e-01,9.994456471159139932e-01,9.892989735390570472e-01,9.992218342328151870e-01,9.998462385114676998e-01,9.995516044726124871e-01,9.998889243078337152e-01,9.636070284757020099e-01,7.408973988161028368e-01,9.994689762384860732e-01,9.991153137963223463e-01,9.996919293856603161e-01,9.993924629106623048e-01,9.991307321731367486e-01,9.997214330685051387e-01,9.994046378777041717e-01,9.862352983632984849e-01,9.993502531497914232e-01,8.842649670629330050e-01,9.995766102189609370e-01,9.993510861926311328e-01,9.994820302508247156e-01,9.996789715759463180e-01,6.646770292517663048e-01,9.796509679405567272e-01,9.991587793353926550e-01,9.864548740319318831e-01,9.606692188463850091e-01,9.994613938475725989e-01,9.993833912706088229e-01,9.996523613285316356e-01,9.961610814023317273e-01,8.260803924456769920e-01,9.992167813814708532e-01,9.992359814818557728e-01,9.997879444930825033e-01
9.999572372196755543e-01,9.998523964620692484e-01,9.998055934442890980e-01,9.998553877120661681e-01,9.999390146570488191e-01,9.927930297910552149e-01,9.998380934785765506e-01,9.999564037252389737e-01,9.987796082613367155e-01,9.998060880699660702e-01,6.473695560194986376e-01,6.308512411627693606e-01,9.998083873282388456e-01,9.998075834861531730e-01,9.764781538003074468e-01,9.999284876941484379e-01,9.999379855632473113e-01,9.999756324393799245e-01,9.999160465771724793e-01,9.599111998350294828e-01,9.999207261848498396e-01,9.997030523087434561e-01,-inf,9.588691111394431754e-01,9.998005473309310442e-01,9.986942517076666803e-01,9.861819796747747224e-01,9.998359680293601448e-01,9.999566986565974203e-01,9.999539434178370545e-01,9.997699053179177620e-01,9.577653501760803323e-01,7.275847781860897978e-01,9.998901921598559728e-01,9.997719755969598499e-01,9.999236211495744486e-01,9.998688384520496575e-01,9.998140692714015954e-01,9.999535766729082953e-01,9.998688226438833260e-01,9.823369749997621359e-01,9.998684729945317429e-01,8.742369775219005490e-01,9.999660873522158155e-01,9.998878093807203049e-01,9.998685363069963472e-01,9.999431794871165291e-01,6.502294353391742110e-01,9.751948395077291165e-01,9.982993384038360007e-01,9.828453648467422310e-01,9.549418905528195278e-01,9.998958142951435146e-01,9.998973274063202021e-01,9.999724446884805662e-01,9.940426459287674543e-01,8.137436353034244174e-01,9.998158079389983799e-01,9.998169317847157567e-01,9.998762699954444333e-01
9.585679722932585189e-01,9.550511954230350709e-01,9.628464529254007198e-01,9.548920645767897675e-01,9.563788886313094872e-01,9.845063020504654094e-01,9.542006547635364377e-01,9.589116245154138962e-01,9.703017384485606023e-01,9.577635009015846856e-01,8.154329102863711043e-01,8.025646004914812615e-01,9.636194031435387775e-01,9.541561180768364236e-01,9.943974055611618512e-01,9.569963004889207037e-01,9.576882139856310872e-01,9.583540633651878027e-01,9.596056821582209517e-01,9.981691531053255018e-01,9.586135287792544313e-01,9.649297077499991993e-01,9.588691111394431754e-01,-inf,9.542665269384653648e-01,9.717237099966558045e-01,9.916490888154091410e-01,9.544419220243138824e-01,9.604374382287377276e-01,9.573080408416329012e-01,9.642567895510859577e-01,9.993735748364528382e-01,8.785006748203920690e-01,9.570798121138252013e-01,9.537073091604071351e-01,9.597934500470670649e-01,9.560516585808868095e-01,9.535829898552627970e-01,9.597445181694438388e-01,9.559799881506408914e-01,9.948498505698728511e-01,9.560604265515544320e-01,9.748903565279134487e-01,9.575536386415910428e-01,9.555316094255580373e-01,9.576829646809198460e-01,9.592828505186402621e-01,8.154287288086379260e-01,9.971716001554452591e-01,9.728890539220595990e-01,9.929813102358597821e-01,9.951856941600238926e-01,9.569014922272407464e-01,9.557218592045869654e-01,9.583495860864683635e-01,9.839459492231880100e-01,9.408400980515523315e-01,9.546257769939981985e-01,9.548448844315993167e-01,9.619181028716393689e-01
9.998855762404491587e-01,9.999865447560730702e-01,9.995330786930143319e-01,9.999882215739805957e-01,9.999570280053446947e-01,9.904368722122670610e-01,9.999779463827948023e-01,9.998648942645311788e-01,9.981277289761886218e-01,9.998944625313013201e-01,6.330401325801220391e-01,6.158545654663816205e-01,9.994259553438730181e-01,9.999932962161556249e-01,9.723317592178750690e-01,9.999520073730946423e-01,9.999264083034399286e-01,9.998765996580303295e-01,9.998262462291520603e-01,9.549235853874196156e-01,9.998837348822007254e-01,9.991641695435375947e-01,9.998005473309310442e-01,9.542665269384653648e-01,-inf,9.978267957725396320e-01,9.832513257046188171e-01,9.999842884963361378e-01,9.996481733206178388e-01,9.999345671877325481e-01,9.992490946253707040e-01,9.529321718496405191e-01,7.146038370208270818e-01,9.999479960187827032e-01,9.999920447140486779e-01,9.998104008084114369e-01,9.999783625399031317e-01,9.999456917824874891e-01,9.998032967844459051e-01,9.999712562715018516e-01,9.794080212028962729e-01,9.998822382571538325e-01,8.668018665110802656e-01,9.999159606805968492e-01,9.999814304841010415e-01,9.999182063301728096e-01,9.998415734317815939e-01,6.364558377193630934e-01,9.713350105567284398e-01,9.974406978556852321e-01,9.793214972774033633e-01,9.493330373710624492e-01,9.999569368656079371e-01,9.999801362230452684e-01,9.998797857473238349e-01,9.920729887935252345e-01,8.031623171440795961e-01,9.999944640433429122e-01,9.999920083624111999e-01,9.996106941175030292e-01
9.986935818932379805e-01,9.979799580600255959e-01,9.993501888724344306e-01,9.979483690398669449e-01,9.982599379691612373e-01,9.970539540046590155e-01,9.977983762402219403e-01,9.987577944990154721e-01,9.998954664318725483e-01,9.985051575368071308e-01,6.791917689858388840e-01,6.621622027171151226e-01,9.994401138561500586e-01,9.977896177009162315e-01,9.849512300389313690e-01,9.983945580383311036e-01,9.985337124827000643e-01,9.986413899823531892e-01,9.988737745774339816e-01,9.721780925229436265e-01,9.987003162301665293e-01,9.994456471159139932e-01,9.986942517076666803e-01,9.717237099966558045e-01,9.978267957725396320e-01,-inf,9.929749806990699756e-01,9.978567881810359586e-01,9.988788864875692841e-01,9.984461533196986593e-01,9.994730782426854976e-01,9.707390992218264403e-01,7.570118334515155700e-01,9.984082970358822973e-01,9.976899639442609047e-01,9.989095711449148540e-01,9.981803709307187633e-01,9.976399606284928057e-01,9.988992578549595880e-01,9.981505899898670542e-01,9.904296682046219713e-01,9.981320315035004942e-01,8.976451971450774003e-01,9.984933642304189005e-01,9.980965140473239128e-01,9.985254999679764598e-01,9.988199180802437294e-01,6.818722066076928767e-01,9.847541773507311191e-01,9.999471779294647478e-01,9.901106846615319590e-01,9.671293190904712844e-01,9.983711479251367038e-01,9.981264639632700941e-01,9.986331747164300943e-01,9.981154959238398572e-01,8.398019136694404585e-01,9.979004932396368099e-01,9.979449938912946516e-01,9.992315442089489963e-01
9.858509356065541240e-01,9.836811559869079735e-01,9.881213900722098931e-01,9.836022763283009951e-01,9.845895276318011868e-01,9.986284919008354688e-01,9.832912492014068695e-01,9.860852778367914517e-01,9.918553276315918987e-01,9.850720076480892207e-01,7.576047043287036376e-01,7.400871399421127261e-01,9.887689473957861352e-01,9.831416978312969013e-01,9.977335478310737082e-01,9.848837965408040462e-01,9.853040753842368105e-01,9.857919004001811647e-01,9.863696703888399364e-01,9.929771659581589915e-01,9.857747996826710102e-01,9.892989735390570472e-01,9.861819796747747224e-01,9.916490888154091410e-01,9.832513257046188171e-01,9.929749806990699756e-01,-inf,9.834237285354723301e-01,9.870198196615470598e-01,9.851013412674699543e-01,9.893312349826548502e-01,9.919363899401214546e-01,8.274106492247040867e-01,9.848404096304690380e-01,9.828542787189826768e-01,9.865662533749243179e-01,9.842450879215347559e-01,9.830853547421749550e-01,9.865466381602038259e-01,9.841667799624751467e-01,9.985752554963148730e-01,9.846558313711990529e-01,9.406741922131316436e-01,9.853317627969100378e-01,9.840516287521480221e-01,9.851699573088679163e-01,9.862542093995630976e-01,7.553007622724943193e-01,9.981747430764321694e-01,9.933237356853563682e-01,9.992055004009849917e-01,9.899211076609911730e-01,9.847604169193198143e-01,9.841267025460809226e-01,9.857796202326960522e-01,9.980507601266199735e-01,8.965022568939780001e-01,9.834034516334263509e-01,9.835035942181936663e-01,9.878945860127943401e-01
9.998884018827273179e-01,9.999922625890587113e-01,9.995254490591566343e-01,9.999915564217133346e-01,9.999670382757309683e-01,9.906119724765594103e-01,9.999974862629669170e-01,9.998650674224717205e-01,9.980944396942657004e-01,9.998582673689464517e-01,6.349242824211893677e-01,6.177695536938212495e-01,9.994251588209618342e-01,9.999901402551149010e-01,9.726098087179536611e-01,9.999494654132325966e-01,9.999282195248013760e-01,9.999044357764963475e-01,9.998258053716225779e-01,9.552492754767516470e-01,9.998739383851955598e-01,9.992218342328151870e-01,9.998359680293601448e-01,9.544419220243138824e-01,9.999842884963361378e-01,9.978567881810359586e-01,9.834237285354723301e-01,-inf,9.997102754376413491e-01,9.999440978894335030e-01,9.993250813387900555e-01,9.531129032482864583e-01,7.158905871382548192e-01,9.999370343649282011e-01,9.999868465505676873e-01,9.998178756265966305e-01,9.999678402865979088e-01,9.999720378832438472e-01,9.998248415871802131e-01,9.999732074200072818e-01,9.794938871890066512e-01,9.998792144206517518e-01,8.669800666662187405e-01,9.999379243096632175e-01,9.999911139299713092e-01,9.999010773469622082e-01,9.998560155114172288e-01,6.384711482536497007e-01,9.716160190078046988e-01,9.974300219498948294e-01,9.795658016623245423e-01,9.498736082627619037e-01,9.999408932988926857e-01,9.999812646824882689e-01,9.999060243747752708e-01,9.922126650880671583e-01,8.038780007569057418e-01,9.999857018619043858e-01,9.999774194640038694e-01,9.996058855428583412e-01
9.998847836156751212e-01,9.997351818260542533e-01,9.998057415737856557e-01,9.997315922556192502e-01,9.998435006748349618e-01,9.934064043213649553e-01,9.997119553988620400e-01,9.998894759387638720e-01,9.988954101183592504e-01,9.996982062015210557e-01,6.517297551069262118e-01,6.356131940789978563e-01,9.998332129029814386e-01,9.996678927764697242e-01,9.776566803645373449e-01,9.998299304062850945e-01,9.998485655580141573e-01,9.999215520522898304e-01,9.998610641627575513e-01,9.614004721673804488e-01,9.998399576527065014e-01,9.998462385114676998e-01,9.999566986565974203e-01,9.604374382287377276e-01,9.996481733206178388e-01,9.988788864875692841e-01,9.870198196615470598e-01,9.997102754376413491e-01,-inf,9.998716425111252581e-01,9.998473594193119096e-01,9.592490077197963760e-01,7.314390809973270180e-01,9.997853210262835910e-01,9.996224531053369278e-01,9.998770427221070900e-01,9.997665506943840263e-01,9.996889515839325613e-01,9.999106111287953125e-01,9.997792555321221020e-01,9.833171442870384249e-01,9.997768209897958114e-01,8.765540499777213501e-01,9.998973616863796599e-01,9.997740250806221862e-01,9.997625106359183667e-01,9.998913139494365332e-01,6.544462085535889262e-01,9.764182364576250439e-01,9.984774164078855652e-01,9.838680095937780701e-01,9.566545277366578226e-01,9.997887678337212813e-01,9.997864536025363735e-01,9.999258506928678791e-01,9.946339467468772177e-01,8.171358086892324124e-01,9.996731951618554879e-01,9.996746128766880179e-01,9.998578262731341315e-01
9.999868632626002229e-01,9.999637004208764557e-01,9.997813753917558222e-01,9.999629179495385101e-01,9.999936772206655666e-01,9.918881889502777494e-01,9.999386865300901039e-01,9.999771647846431577e-01,9.986469479941636473e-01,9.999291772672282974e-01,6.415096551469374742e-01,6.247679231739092787e-01,9.997176722080434175e-01,9.999372131230027660e-01,9.748385951760595303e-01,9.999964128779001982e-01,9.999942845414340198e-01,9.999873723526159219e-01,9.999525358447904910e-01,9.580318290371524492e-01,9.999756502340165776e-01,9.995516044726124871e-01,9.999539434178370545e-01,9.573080408416329012e-01,9.999345671877325481e-01,9.984461533196986593e-01,9.851013412674699543e-01,9.999440978894335030e-01,9.998716425111252581e-01,-inf,9.996091190367951684e-01,9.560263633391865579e-01,7.222936661918182288e-01,9.999830611442199757e-01,9.999168157547662084e-01,9.999450891295790234e-01,9.999750714565789345e-01,9.998927118308070794e-01,9.999561592906374141e-01,9.999736000681521686e-01,9.814107761606690739e-01,9.998962161657046765e-01,8.717697721412852596e-01,9.999947550094716586e-01,9.999784221355778602e-01,9.999648492568344871e-01,9.999673591675832807e-01,6.449245658174571627e-01,9.738039434219163404e-01,9.980788491047203337e-01,9.814942026367301509e-01,9.527051266309092270e-01,9.999854487470819508e-01,9.999839108439039226e-01,9.999871064218788241e-01,9.933736474502345981e-01,8.097000067469840578e-01,9.999476816852018723e-01,9.999503594270304774e-01,9.998280726526628248e-01
9.997024652117383337e-01,9.993600378212820212e-01,9.998393830486278500e-01,9.993454599988470521e-01,9.995303357674645284e-01,9.949209297802000806e-01,9.993052421610348901e-01,9.997271214112606330e-01,9.993817623800026473e-01,9.994759062690188323e-01,6.625038410670113231e-01,6.454233137217851857e-01,9.998983107569653361e-01,9.992467168294935087e-01,9.803574891820735493e-01,9.995580562953551018e-01,9.996260676563657466e-01,9.997275862069895380e-01,9.997419544439632988e-01,9.653836311574518492e-01,9.996610987463938613e-01,9.998889243078337152e-01,9.997699053179177620e-01,9.642567895510859577e-01,9.992490946253707040e-01,9.994730782426854976e-01,9.893312349826548502e-01,9.993250813387900555e-01,9.998473594193119096e-01,9.996091190367951684e-01,-inf,9.632859217998239743e-01,7.409666733333368782e-01,9.995261185065784648e-01,9.991842004744638794e-01,9.997798568076478043e-01,9.994300552791999248e-01,9.992521047015848756e-01,9.998033442223913658e-01,9.994299586253528878e-01,9.857563270236819886e-01,9.994534665698707743e-01,8.836940672030136890e-01,9.996588678996534139e-01,9.994375097901236904e-01,9.995524841933313143e-01,9.997599125027591960e-01,6.650701801082697928e-01,9.795240393950938040e-01,9.991520910037731129e-01,9.861973369319797511e-01,9.606864468492473108e-01,9.995104166325771144e-01,9.994391675084945970e-01,9.997219064540521227e-01,9.960153523776680284e-01,8.248438485099042206e-01,9.992877047491517395e-01,9.992958145322852204e-01,9.998656565198652535e-01
9.573331705869345676e-01,9.536472354533744866e-01,9.615554217428463613e-01,9.535109067506500891e-01,9.551200522936427184e-01,9.845901609636976692e-01,9.528797614905047952e-01,9.577259561518747244e-01,9.690414780470626432e-01,9.562929070180359314e-01,8.222162219747035650e-01,8.068184901611785698e-01,9.625584668081201833e-01,9.527556245012098746e-01,9.953528791771084627e-01,9.556983943188576136e-01,9.564057790632827238e-01,9.571328116631905303e-01,9.583082914318987733e-01,9.994032653088267271e-01,9.573042909112818855e-01,9.636070284757020099e-01,9.577653501760803323e-01,9.993735748364528382e-01,9.529321718496405191e-01,9.707390992218264403e-01,9.919363899401214546e-01,9.531129032482864583e-01,9.592490077197963760e-01,9.560263633391865579e-01,9.632859217998239743e-01,-inf,8.847945592493940969e-01,9.557055272697391191e-01,9.522847670627508920e-01,9.585685641634592580e-01,9.546601824704994410e-01,9.524135985227712986e-01,9.585109924779608992e-01,9.545262857772007781e-01,9.936440588401331819e-01,9.551018538710475125e-01,9.753316726735822284e-01,9.563357721071994444e-01,9.542129238475693942e-01,9.563090342458142601e-01,9.580199501111654747e-01,8.182740567267019483e-01,9.972272938931754371e-01,9.718240923646436213e-01,9.932967854209621139e-01,9.970385394426735104e-01,9.555599660374306525e-01,9.543903742662447343e-01,9.571169904310699028e-01,9.831062745378014167e-01,9.431742146663059101e-01,9.532236518714902740e-01,9.534305779261932345e-01,9.609027301897833384e-01
7.249281950300383581e-01,7.166572160927509039e-01,7.338527715286364828e-01,7.164448100143852027e-01,7.204763572243205738e-01,8.038368436926650595e-01,7.156790645806855311e-01,7.258170564615087361e-01,7.506029340172324371e-01,7.207912854411079318e-01,9.891434910687368909e-01,9.817909226944205869e-01,7.370078245772807568e-01,7.145776255729907600e-01,8.565235640928259286e-01,7.211404969132333420e-01,7.227404487058619598e-01,7.252776620442297206e-01,7.266230820268807511e-01,8.868891203131020751e-01,7.242852369058891959e-01,7.408973988161028368e-01,7.275847781860897978e-01,8.785006748203920690e-01,7.146038370208270818e-01,7.570118334515155700e-01,8.274106492247040867e-01,7.158905871382548192e-01,7.314390809973270180e-01,7.222936661918182288e-01,7.409666733333368782e-01,8.847945592493940969e-01,-inf,7.206048099316242350e-01,7.134160959561171023e-01,7.274895678590087567e-01,7.182874873023256113e-01,7.152902803748945049e-01,7.279976582576330735e-01,7.182463824835820798e-01,8.300122666003215688e-01,7.206657690475375411e-01,9.420666221167615095e-01,7.233814000246708842e-01,7.181615524697098074e-01,7.216042261451175444e-01,7.265218602147993643e-01,9.723598250668994414e-01,8.562676656612258075e-01,7.583101083053591651e-01,8.399304530814467595e-01,8.976901111226437413e-01,7.202792891919783669e-01,7.184039434057343243e-01,7.251286580621751909e-01,7.944304244937264725e-01,9.835402911189417008e-01,7.153286131708405104e-01,7.156066814677755072e-01,7.330426676547323606e-01
9.999755564240366823e-01,9.999657245727097132e-01,9.997841695171586496e-01,9.999614743655460547e-01,9.999714293455564951e-01,9.915934329526420177e-01,9.999232230758091644e-01,9.999634198033487964e-01,9.986782384809088642e-01,9.999778991568613051e-01,6.395651402383570883e-01,6.226251229593642300e-01,9.996810114212441034e-01,9.999435647113936732e-01,9.743086802398235324e-01,9.999931944845394938e-01,9.999916941793923764e-01,9.999570669175722459e-01,9.999582165129675682e-01,9.575711218281550696e-01,9.999843466715340190e-01,9.994689762384860732e-01,9.998901921598559728e-01,9.570798121138252013e-01,9.999479960187827032e-01,9.984082970358822973e-01,9.848404096304690380e-01,9.999370343649282011e-01,9.997853210262835910e-01,9.999830611442199757e-01,9.995261185065784648e-01,9.557055272697391191e-01,7.206048099316242350e-01,-inf,9.999293370540647263e-01,9.999412818045310125e-01,9.999839910956647149e-01,9.998525710410853806e-01,9.999388471916059729e-01,9.999780000738732744e-01,9.813241894592157344e-01,9.998486559972702414e-01,8.716257449596892526e-01,9.999666546721139859e-01,9.999727118573681350e-01,9.999938840545757879e-01,9.999591988776526108e-01,6.433769965710491867e-01,9.734940816298498500e-01,9.980834740184872933e-01,9.810798924301347146e-01,9.519845321863497078e-01,9.999973467811478223e-01,9.999770663000819848e-01,9.999564593790469802e-01,9.932153852950178496e-01,8.086206926533499040e-01,9.999633622847906578e-01,9.999700864137813783e-01,9.998030461328099028e-01
9.998521903248815956e-01,9.999886991702220396e-01,9.994720270889027036e-01,9.999901206901661288e-01,9.999443042482794031e-01,9.901705977875602249e-01,9.999851219482315257e-01,9.998245505719455251e-01,9.979988158284962552e-01,9.998660369993541686e-01,6.319524685093828031e-01,6.150445701153236522e-01,9.993446000968932985e-01,9.999983406555472687e-01,9.718885009543478670e-01,9.999326515454396436e-01,9.999022049512040766e-01,9.998534995592009977e-01,9.997872938948635380e-01,9.543189039674901952e-01,9.998511031655741288e-01,9.991153137963223463e-01,9.997719755969598499e-01,9.537073091604071351e-01,9.999920447140486779e-01,9.976899639442609047e-01,9.828542787189826768e-01,9.999868465505676873e-01,9.996224531053369278e-01,9.999168157547662084e-01,9.991842004744638794e-01,9.522847670627508920e-01,7.134160959561171023e-01,9.999293370540647263e-01,-inf,9.997658230128149137e-01,9.999640661110638096e-01,9.999457491167670353e-01,9.997699292160527884e-01,9.999671782317527402e-01,9.790454491144305882e-01,9.998358246650037584e-01,8.658231606918891377e-01,9.998950671800723722e-01,9.999760353629986165e-01,9.998918335764668264e-01,9.998081447864295423e-01,6.358176550430821861e-01,9.708889963294068393e-01,9.972832997393774601e-01,9.789544218706472956e-01,9.487592454154620825e-01,9.999349500988959916e-01,9.999725312750469275e-01,9.998554571915295730e-01,9.918601827834104823e-01,8.021633129861261979e-01,9.999941368284307464e-01,9.999896195978065228e-01,9.995337871708105393e-01
9.999824366617440230e-01,9.998489625659450208e-01,9.999176358884036553e-01,9.998383123176204368e-01,9.999064355261602088e-01,9.928191777313293276e-01,9.997943105107235384e-01,9.999861661960581793e-01,9.990717990328659148e-01,9.999268756039809691e-01,6.472089667192060247e-01,6.298586470875278120e-01,9.998677572801251134e-01,9.997948945142643984e-01,9.764400223416090929e-01,9.999401441577621119e-01,9.999655196978223248e-01,9.999683632532099242e-01,9.999954527179979458e-01,9.604418795242652962e-01,9.999798227351205382e-01,9.996919293856603161e-01,9.999236211495744486e-01,9.597934500470670649e-01,9.998104008084114369e-01,9.989095711449148540e-01,9.865662533749243179e-01,9.998178756265966305e-01,9.998770427221070900e-01,9.999450891295790234e-01,9.997798568076478043e-01,9.585685641634592580e-01,7.274895678590087567e-01,9.999412818045310125e-01,9.997658230128149137e-01,-inf,9.998983340399945074e-01,9.997291786235634747e-01,9.999901528510353188e-01,9.998873037219956350e-01,9.830560256205731484e-01,9.998205331514097294e-01,8.761956810822507657e-01,9.999520818902437602e-01,9.998810822811522447e-01,9.999552119403573025e-01,9.999950906089268843e-01,6.503726116447339223e-01,9.757475068533828511e-01,9.986098897878141756e-01,9.829062232080383321e-01,9.550519423212873171e-01,9.999343402480285192e-01,9.998829078851226848e-01,9.999686535120649866e-01,9.942942143121826781e-01,8.142061600847484426e-01,9.998276139932467110e-01,9.998360692062878696e-01,9.999437674742718274e-01
9.999480852299285072e-01,9.999861164167488381e-01,9.996902089097583488e-01,9.999832884542850797e-01,9.999785917653469802e-01,9.911617164531477675e-01,9.999572168289884155e-01,9.999333528203533383e-01,9.984545953159249532e-01,9.999476465432777239e-01,6.369722119481094902e-01,6.200568204331317057e-01,9.995957981345044985e-01,9.999740901768084944e-01,9.735938125979962665e-01,9.999850844001741956e-01,9.999714961687058423e-01,9.999368064002436274e-01,9.999124786845305923e-01,9.565618418366844677e-01,9.999487624004206321e-01,9.993924629106623048e-01,9.998688384520496575e-01,9.560516585808868095e-01,9.999783625399031317e-01,9.981803709307187633e-01,9.842450879215347559e-01,9.999678402865979088e-01,9.997665506943840263e-01,9.999750714565789345e-01,9.994300552791999248e-01,9.546601824704994410e-01,7.182874873023256113e-01,9.999839910956647149e-01,9.999640661110638096e-01,9.998983340399945074e-01,-inf,9.999106780343272050e-01,9.998899502866512856e-01,9.999956434084422696e-01,9.806109575562174108e-01,9.998939798811411483e-01,8.696484333020562119e-01,9.999601099410370120e-01,9.999858299125217176e-01,9.999640144972105071e-01,9.999200442545529421e-01,6.403960683127157827e-01,9.726869897192336190e-01,9.978245388841376906e-01,9.804394278485933922e-01,9.510200107216293386e-01,9.999895415102865170e-01,9.999905609935271222e-01,9.999428002909283020e-01,9.927929836502593641e-01,8.066015648443068953e-01,9.999822126096791219e-01,9.999846121840787472e-01,9.997378724248467963e-01
9.998199279916086812e-01,9.999444074559752371e-01,9.993843179899071227e-01,9.999500352242485235e-01,9.999347341828486169e-01,9.904452561141761091e-01,9.999791800266953912e-01,9.998000568918314901e-01,9.978229943465807272e-01,9.997339157766661488e-01,6.342384213205423116e-01,6.170164776137608831e-01,9.993320049865380694e-01,9.999507817243009633e-01,9.723862098343718507e-01,9.998899006010406598e-01,9.998580848600341353e-01,9.998533323521568983e-01,9.997248367556430537e-01,9.547229720461987146e-01,9.997818923105482591e-01,9.991307321731367486e-01,9.998140692714015954e-01,9.535829898552627970e-01,9.999456917824874891e-01,9.976399606284928057e-01,9.830853547421749550e-01,9.999720378832438472e-01,9.996889515839325613e-01,9.998927118308070794e-01,9.992521047015848756e-01,9.524135985227712986e-01,7.152902803748945049e-01,9.998525710410853806e-01,9.999457491167670353e-01,9.997291786235634747e-01,9.999106780343272050e-01,-inf,9.997408100815653453e-01,9.999138541170378147e-01,9.788149693008600938e-01,9.999153712075710132e-01,8.653305213353091885e-01,9.998980870840997737e-01,9.999490505587833589e-01,9.997973347558976043e-01,9.997712728672527582e-01,6.369485437549421425e-01,9.710781710554152735e-01,9.971556890894742731e-01,9.792884628021872873e-01,9.495759740804616822e-01,9.998690592166770141e-01,9.999395090838507638e-01,9.998583174615477409e-01,9.918870843173218654e-01,8.028563728371821417e-01,9.999310002610657389e-01,9.999161180808374683e-01,9.995288710841889745e-01
9.999846241245401446e-01,9.998563255479784306e-01,9.999122147942596239e-01,9.998482871897583779e-01,9.999195796565882866e-01,9.928887626332492111e-01,9.998092531002297223e-01,9.999846322657396369e-01,9.990406720178219846e-01,9.999063431563735005e-01,6.479328199037994729e-01,6.309398810544233349e-01,9.998619973398759075e-01,9.998012218438493415e-01,9.765663849075384428e-01,9.999444931634438039e-01,9.999684621916636873e-01,9.999825847025771708e-01,9.999887959618348754e-01,9.604679200521027971e-01,9.999766772027510742e-01,9.997214330685051387e-01,9.999535766729082953e-01,9.597445181694438388e-01,9.998032967844459051e-01,9.988992578549595880e-01,9.865466381602038259e-01,9.998248415871802131e-01,9.999106111287953125e-01,9.999561592906374141e-01,9.998033442223913658e-01,9.585109924779608992e-01,7.279976582576330735e-01,9.999388471916059729e-01,9.997699292160527884e-01,9.999901528510353188e-01,9.998899502866512856e-01,9.997408100815653453e-01,-inf,9.998871493455894210e-01,9.830180152586097675e-01,9.998029901632462524e-01,8.760753856859466726e-01,9.999628535054150280e-01,9.998886430740577813e-01,9.999451578572519095e-01,9.999961190517945298e-01,6.514324947843487257e-01,9.757591302056357607e-01,9.985758279222706202e-01,9.830118877571640823e-01,9.551951299203820245e-01,9.999295792620821466e-01,9.998907856266027183e-01,9.999785825438427533e-01,9.943280099034829123e-01,8.145167635693060237e-01,9.998295341052143570e-01,9.998366591055158903e-01,9.999287544271481254e-01
9.999391607112017022e-01,9.999912061846392142e-01,9.996743481274688037e-01,9.999869951838483706e-01,9.999775310171882259e-01,9.911221189935098819e-01,9.999650187304321980e-01,9.999201750161940128e-01,9.984149464985418998e-01,9.999340846926310089e-01,6.371324105677371730e-01,6.204069754820729088e-01,9.995704545789335649e-01,9.999767388001982171e-01,9.735296112091752496e-01,9.999794662969251346e-01,9.999654771691410815e-01,9.999380117355403108e-01,9.999029608782715739e-01,9.564634373451486038e-01,9.999381702293080876e-01,9.994046378777041717e-01,9.998688226438833260e-01,9.559799881506408914e-01,9.999712562715018516e-01,9.981505899898670542e-01,9.841667799624751467e-01,9.999732074200072818e-01,9.997792555321221020e-01,9.999736000681521686e-01,9.994299586253528878e-01,9.545262857772007781e-01,7.182463824835820798e-01,9.999780000738732744e-01,9.999671782317527402e-01,9.998873037219956350e-01,9.999956434084422696e-01,9.999138541170378147e-01,9.998871493455894210e-01,-inf,9.805665213029850502e-01,9.998701236206223308e-01,8.694540420635812339e-01,9.999595295525303129e-01,9.999875395098585251e-01,9.999538846082201005e-01,9.999154788308401987e-01,6.408404731495356277e-01,9.726453765101350513e-01,9.977792881635817457e-01,9.803993750231158044e-01,9.509823902991229039e-01,9.999801599722988321e-01,9.999898943231987358e-01,9.999435169289243586e-01,9.927830719678861771e-01,8.065481684615819491e-01,9.999817028100463911e-01,9.999822183540116871e-01,9.997093149022678871e-01
9.822487873137168979e-01,9.799382713532671652e-01,9.850731151784961614e-01,9.798247461208952069e-01,9.807742146773996694e-01,9.961444023164345296e-01,9.793192763074195506e-01,9.824605157547602330e-01,9.897135173847898537e-01,9.818276078886257752e-01,7.598307071664910373e-01,7.457477975772003331e-01,9.854565427922260534e-01,9.793390847905999452e-01,9.964025677359784616e-01,9.812266511973567473e-01,9.816869865349856505e-01,9.820717259377670372e-01,9.829662048123744000e-01,9.932138959846344983e-01,9.823227867431149063e-01,9.862352983632984849e-01,9.823369749997621359e-01,9.948498505698728511e-01,9.794080212028962729e-01,9.904296682046219713e-01,9.985752554963148730e-01,9.794938871890066512e-01,9.833171442870384249e-01,9.814107761606690739e-01,9.857563270236819886e-01,9.936440588401331819e-01,8.300122666003215688e-01,9.813241894592157344e-01,9.790454491144305882e-01,9.830560256205731484e-01,9.806109575562174108e-01,9.788149693008600938e-01,9.830180152586097675e-01,9.805665213029850502e-01,-inf,9.804075574311128527e-01,9.489125145934513839e-01,9.815395819732624094e-01,9.802383673884556003e-01,9.817410656846866646e-01,9.827274220356992940e-01,7.626382603811074912e-01,9.983659745124420226e-01,9.911665172381521893e-01,9.980246211141370338e-01,9.888646644320424617e-01,9.811891903512035551e-01,9.803681214158863622e-01,9.820644110855114572e-01,9.966412148231710288e-01,9.031308975501457503e-01,9.796739599529213915e-01,9.798309492143832955e-01,9.843653426155295483e-01
9.998740004653265956e-01,9.998660177681985006e-01,9.995680765181256255e-01,9.998722639533011991e-01,9.999177253427389278e-01,9.915540966045830462e-01,9.998758053392170497e-01,9.998797355067658987e-01,9.982793724585459216e-01,9.997621488140943091e-01,6.392742085526043061e-01,6.217210346988892855e-01,9.995920948849038590e-01,9.998563991156312891e-01,9.743579426339400440e-01,9.998923622387636545e-01,9.998748165580800817e-01,9.998785057730210646e-01,9.998014512399142628e-01,9.572424748626896518e-01,9.998335747229228909e-01,9.993502531497914232e-01,9.998684729945317429e-01,9.560604265515544320e-01,9.998822382571538325e-01,9.981320315035004942e-01,9.846558313711990529e-01,9.998792144206517518e-01,9.997768209897958114e-01,9.998962161657046765e-01,9.994534665698707743e-01,9.551018538710475125e-01,7.206657690475375411e-01,9.998486559972702414e-01,9.998358246650037584e-01,9.998205331514097294e-01,9.998939798811411483e-01,9.999153712075710132e-01,9.998029901632462524e-01,9.998701236206223308e-01,9.804075574311128527e-01,-inf,8.694418503851051305e-01,9.999108725896328487e-01,9.998926942246342264e-01,9.998131347742645891e-01,9.998273853531484123e-01,6.405655512926506923e-01,9.729644380171369455e-01,9.977174893014144619e-01,9.809338864534391522e-01,9.520754775625177579e-01,9.998778693629493119e-01,9.998997143897352391e-01,9.998914899893882602e-01,9.928086238614270975e-01,8.076724886425383776e-01,9.998503346375369194e-01,9.998455445135173703e-01,9.997451798727026162e-01
8.740143081828462002e-01,8.680023029229794185e-01,8.815306296801039831e-01,8.677270802883663148e-01,8.701536577086882440e-01,9.231430170313923433e-01,8.665236002493519329e-01,8.746097874399776373e-01,8.953795841530443056e-01,8.729720491395395188e-01,8.962286889816164503e-01,8.825140564158965306e-01,8.826398052941788475e-01,8.665333654785066786e-01,9.513881698376046581e-01,8.713468795627934416e-01,8.725765394938286290e-01,8.735308738011491325e-01,8.759064331280372873e-01,9.716100011597048614e-01,8.742256508844222784e-01,8.842649670629330050e-01,8.742369775219005490e-01,9.748903565279134487e-01,8.668018665110802656e-01,8.976451971450774003e-01,9.406741922131316436e-01,8.669800666662187405e-01,8.765540499777213501e-01,8.717697721412852596e-01,8.836940672030136890e-01,9.753316726735822284e-01,9.420666221167615095e-01,8.716257449596892526e-01,8.658231606918891377e-01,8.761956810822507657e-01,8.696484333020562119e-01,8.653305213353091885e-01,8.760753856859466726e-01,8.694540420635812339e-01,9.489125145934513839e-01,8.694418503851051305e-01,-inf,8.721489753894744457e-01,8.688435198231720946e-01,8.727938887546298208e-01,8.752840286817411553e-01,8.970060391874319361e-01,9.581282147026219942e-01,9.001666861335290148e-01,9.444628899914409015e-01,9.689092426240544231e-01,8.712516412550899148e-01,8.690993057891128748e-01,8.734500962375743027e-01,9.213505447814521743e-01,9.818658915457398884e-01,8.674302848223692797e-01,8.678209178187390460e-01,8.798311955879993818e-01
9.999846548479036645e-01,9.999493607096340275e-01,9.997793002162673748e-01,9.999470868001711921e-01,9.999880380562933269e-01,9.920610869625181572e-01,9.999318826849794561e-01,9.999778983555304146e-01,9.986517992671187782e-01,9.999019136299814869e-01,6.428719002770839630e-01,6.259058814276320382e-01,9.997322323496445895e-01,9.999174684698758364e-01,9.751235036746643825e-01,9.999857749050190536e-01,9.999876190149218358e-01,9.999952030252712287e-01,9.999503207905151569e-01,9.584140028415685242e-01,9.999649986704487459e-01,9.995766102189609370e-01,9.999660873522158155e-01,9.575536386415910428e-01,9.999159606805968492e-01,9.984933642304189005e-01,9.853317627969100378e-01,9.999379243096632175e-01,9.998973616863796599e-01,9.999947550094716586e-01,9.996588678996534139e-01,9.563357721071994444e-01,7.233814000246708842e-01,9.999666546721139859e-01,9.998950671800723722e-01,9.999520818902437602e-01,9.999601099410370120e-01,9.998980870840997737e-01,9.999628535054150280e-01,9.999595295525303129e-01,9.815395819732624094e-01,9.999108725896328487e-01,8.721489753894744457e-01,-inf,9.999705667492945205e-01,9.999482098320713330e-01,9.999715433016710397e-01,6.460249763059501271e-01,9.740917354097016201e-01,9.981102906030887567e-01,9.817275551118338495e-01,9.531962949765073745e-01,9.999687379488936267e-01,9.999710969505475333e-01,9.999956354112106149e-01,9.934943603653365596e-01,8.103488676323588047e-01,9.999265848616954999e-01,9.999262392169764313e-01,9.998434534047441202e-01
9.999401147220567942e-01,9.999958189635979044e-01,9.996412131395716605e-01,9.999949418891146413e-01,9.999892988215972611e-01,9.910844332037728188e-01,9.999867028116690149e-01,9.999219730512159954e-01,9.983309614677099431e-01,9.999080479988552428e-01,6.372191186898455983e-01,6.202038497237333248e-01,9.995492515097181840e-01,9.999852475946203745e-01,9.734210481302419948e-01,9.999826130260276447e-01,9.999686605707198694e-01,9.999469996615244494e-01,9.998907547993696188e-01,9.562805674195891115e-01,9.999302729191599237e-01,9.993510861926311328e-01,9.998878093807203049e-01,9.555316094255580373e-01,9.999814304841010415e-01,9.980965140473239128e-01,9.840516287521480221e-01,9.999911139299713092e-01,9.997740250806221862e-01,9.999784221355778602e-01,9.994375097901236904e-01,9.542129238475693942e-01,7.181615524697098074e-01,9.999727118573681350e-01,9.999760353629986165e-01,9.998810822811522447e-01,9.999858299125217176e-01,9.999490505587833589e-01,9.998886430740577813e-01,9.999875395098585251e-01,9.802383673884556003e-01,9.998926942246342264e-01,8.688435198231720946e-01,9.999705667492945205e-01,-inf,9.999454009407428012e-01,9.999127086440360301e-01,6.407898402057948806e-01,9.724320772503208810e-01,9.976996947458390830e-01,9.802748857152954187e-01,9.508833689923950061e-01,9.999752220983445516e-01,9.999962185994211161e-01,9.999473659282864801e-01,9.926555710633175877e-01,8.060080804832839840e-01,9.999881291522251248e-01,9.999849662450638332e-01,9.997041971293334495e-01
9.999729403613077938e-01,9.999350659352319592e-01,9.998228210554547246e-01,9.999278548536902900e-01,9.999429071620931087e-01,9.917743666467028207e-01,9.998805516384741132e-01,9.999633380503788471e-01,9.988030382031335419e-01,9.999899936532786748e-01,6.406437631925743226e-01,6.234890205546737008e-01,9.997128461517578168e-01,9.999068646079459777e-01,9.746103160624808304e-01,9.999781595345681451e-01,9.999847157076916515e-01,9.999449189366458324e-01,9.999718042723232392e-01,9.581063570362016169e-01,9.999890319299099550e-01,9.994820302508247156e-01,9.998685363069963472e-01,9.576829646809198460e-01,9.999182063301728096e-01,9.985254999679764598e-01,9.851699573088679163e-01,9.999010773469622082e-01,9.997625106359183667e-01,9.999648492568344871e-01,9.995524841933313143e-01,9.563090342458142601e-01,7.216042261451175444e-01,9.999938840545757879e-01,9.998918335764668264e-01,9.999552119403573025e-01,9.999640144972105071e-01,9.997973347558976043e-01,9.999451578572519095e-01,9.999538846082201005e-01,9.817410656846866646e-01,9.998131347742645891e-01,8.727938887546298208e-01,9.999482098320713330e-01,9.999454009407428012e-01,-inf,9.999653517753851473e-01,6.445249776774798489e-01,9.739373656361786091e-01,9.982300281897101835e-01,9.813582540293668277e-01,9.524342003817866109e-01,9.999870800456446274e-01,9.999484053404025241e-01,9.999431962867023627e-01,9.934229571376047563e-01,8.095650875234471355e-01,9.999356815391586828e-01,9.999450562496592365e-01,9.998284725068400380e-01
9.999913939653752859e-01,9.998851942250562841e-01,9.998968550086554385e-01,9.998762314512713578e-01,9.999346499255373777e-01,9.926369813963772382e-01,9.998377921168731808e-01,9.999896949571737137e-01,9.989854563306833635e-01,9.999326944926953953e-01,6.462737510894461801e-01,6.291501802320259573e-01,9.998370291381425412e-01,9.998353468311239611e-01,9.761149675861511277e-01,9.999606401738355688e-01,9.999809952502287658e-01,9.999850925558384507e-01,9.999947270615959782e-01,9.599428294168881326e-01,9.999868195990668784e-01,9.996789715759463180e-01,9.999431794871165291e-01,9.592828505186402621e-01,9.998415734317815939e-01,9.988199180802437294e-01,9.862542093995630976e-01,9.998560155114172288e-01,9.998913139494365332e-01,9.999673591675832807e-01,9.997599125027591960e-01,9.580199501111654747e-01,7.265218602147993643e-01,9.999591988776526108e-01,9.998081447864295423e-01,9.999950906089268843e-01,9.999200442545529421e-01,9.997712728672527582e-01,9.999961190517945298e-01,9.999154788308401987e-01,9.827274220356992940e-01,9.998273853531484123e-01,8.752840286817411553e-01,9.999715433016710397e-01,9.999127086440360301e-01,9.999653517753851473e-01,-inf,6.497175333116178564e-01,9.753638960284122250e-01,9.984996440516263894e-01,9.826305044945325973e-01,9.545930233940321807e-01,9.999513112606398524e-01,9.999137083861580066e-01,9.999834423307017994e-01,9.941265250233014550e-01,8.133398251719362593e-01,9.998629477208778038e-01,9.998694591572147017e-01,9.999176380712444523e-01
6.475260578630930297e-01,6.393578945708466854e-01,6.572057490652385425e-01,6.389901643182195334e-01,6.428020746324260015e-01,7.301394191319474647e-01,6.382625534908504816e-01,6.481537229218852225e-01,6.750325511770751685e-01,6.435166955518696330e-01,9.874956000657291177e-01,9.865172654154563681e-01,6.592284339120123571e-01,6.369528697741239087e-01,7.850703248605146456e-01,6.436147803358860386e-01,6.454852584051642417e-01,6.482993030100665521e-01,6.496663129714490559e-01,8.215819294154376173e-01,6.470502083459311882e-01,6.646770292517663048e-01,6.502294353391742110e-01,8.154287288086379260e-01,6.364558377193630934e-01,6.818722066076928767e-01,7.553007622724943193e-01,6.384711482536497007e-01,6.544462085535889262e-01,6.449245658174571627e-01,6.650701801082697928e-01,8.182740567267019483e-01,9.723598250668994414e-01,6.433769965710491867e-01,6.358176550430821861e-01,6.503726116447339223e-01,6.403960683127157827e-01,6.369485437549421425e-01,6.514324947843487257e-01,6.408404731495356277e-01,7.626382603811074912e-01,6.405655512926506923e-01,8.970060391874319361e-01,6.460249763059501271e-01,6.407898402057948806e-01,6.445249776774798489e-01,6.497175333116178564e-01,-inf,7.907846265586013779e-01,6.830035420899377430e-01,7.692275426518923043e-01,8.340387993384681398e-01,6.425802494446856139e-01,6.407427032406163292e-01,6.479352777250190210e-01,7.232455227444214430e-01,9.432200330175921632e-01,6.378324532434851424e-01,6.380600968636495063e-01,6.549361380227487484e-01
9.747735902858604140e-01,9.719860240720770150e-01,9.779110897143517001e-01,9.718622925138785673e-01,9.731025418482857070e-01,9.941362963066894265e-01,9.714425469080859576e-01,9.750512021307711219e-01,9.832596937478650378e-01,9.738415479637430039e-01,7.917295421638266273e-01,7.756221213641966150e-01,9.786417479736706504e-01,9.712549145898420333e-01,9.984063988437118509e-01,9.735060103298488476e-01,9.740716810393086345e-01,9.747286114264641643e-01,9.755198376273661598e-01,9.978244089722420052e-01,9.747079927503168317e-01,9.796509679405567272e-01,9.751948395077291165e-01,9.971716001554452591e-01,9.713350105567284398e-01,9.847541773507311191e-01,9.981747430764321694e-01,9.716160190078046988e-01,9.764182364576250439e-01,9.738039434219163404e-01,9.795240393950938040e-01,9.972272938931754371e-01,8.562676656612258075e-01,9.734940816298498500e-01,9.708889963294068393e-01,9.757475068533828511e-01,9.726869897192336190e-01,9.710781710554152735e-01,9.757591302056357607e-01,9.726453765101350513e-01,9.983659745124420226e-01,9.729644380171369455e-01,9.581282147026219942e-01,9.740917354097016201e-01,9.724320772503208810e-01,9.739373656361786091e-01,9.753638960284122250e-01,7.907846265586013779e-01,-inf,9.853356880824709618e-01,9.984519212914003683e-01,9.955026890067228962e-01,9.733474972055856655e-01,9.725180718727656215e-01,9.747076846823431451e-01,9.933912454458447838e-01,9.199107904604908459e-01,9.715997511169670586e-01,9.717309089956407409e-01,9.774006408472997176e-01
9.983645314305880092e-01,9.975834782634322995e-01,9.991421566447973301e-01,9.975475859571448778e-01,9.978670692650843943e-01,9.970746251506250601e-01,9.973562000622160362e-01,9.984361548359550476e-01,9.999233202852048086e-01,9.982459159452912179e-01,6.801017457737149607e-01,6.629993459109529974e-01,9.992081625196155281e-01,9.973852975077119876e-01,9.852633877180990707e-01,9.980426815186396183e-01,9.981941378573374601e-01,9.982695015272111672e-01,9.985857331621971200e-01,9.729461417933343848e-01,9.984012034431503091e-01,9.991587793353926550e-01,9.982993384038360007e-01,9.728890539220595990e-01,9.974406978556852321e-01,9.999471779294647478e-01,9.933237356853563682e-01,9.974300219498948294e-01,9.984774164078855652e-01,9.980788491047203337e-01,9.991520910037731129e-01,9.718240923646436213e-01,7.583101083053591651e-01,9.980834740184872933e-01,9.972832997393774601e-01,9.986098897878141756e-01,9.978245388841376906e-01,9.971556890894742731e-01,9.985758279222706202e-01,9.977792881635817457e-01,9.911665172381521893e-01,9.977174893014144619e-01,9.001666861335290148e-01,9.981102906030887567e-01,9.976996947458390830e-01,9.982300281897101835e-01,9.984996440516263894e-01,6.830035420899377430e-01,9.853356880824709618e-01,-inf,9.903805673298433643e-01,9.675341925685442268e-01,9.980419179383701600e-01,9.977404871387289820e-01,9.982618094211194171e-01,9.982447036470334378e-01,8.416383399252457265e-01,9.975192695594670145e-01,9.975773624325106059e-01,9.989719778746108947e-01
9.822434193445600537e-01,9.798810958689023742e-01,9.847291078392598207e-01,9.798270953218612966e-01,9.809636043377465420e-01,9.977987216239283530e-01,9.794936678172718736e-01,9.824924926672922165e-01,9.887622242593391286e-01,9.812165791874621901e-01,7.711999584593264290e-01,7.578883550908306344e-01,9.855277416373917632e-01,9.792978923209393338e-01,9.994047201881331999e-01,9.812048945483745621e-01,9.816280353629063260e-01,9.822400947688316730e-01,9.827220185167550026e-01,9.946084120374429904e-01,9.821156454025707916e-01,9.864548740319318831e-01,9.828453648467422310e-01,9.929813102358597821e-01,9.793214972774033633e-01,9.901106846615319590e-01,9.992055004009849917e-01,9.795658016623245423e-01,9.838680095937780701e-01,9.814942026367301509e-01,9.861973369319797511e-01,9.932967854209621139e-01,8.399304530814467595e-01,9.810798924301347146e-01,9.789544218706472956e-01,9.829062232080383321e-01,9.804394278485933922e-01,9.792884628021872873e-01,9.830118877571640823e-01,9.803993750231158044e-01,9.980246211141370338e-01,9.809338864534391522e-01,9.444628899914409015e-01,9.817275551118338495e-01,9.802748857152954187e-01,9.813582540293668277e-01,9.826305044945325973e-01,7.692275426518923043e-01,9.984519212914003683e-01,9.903805673298433643e-01,-inf,9.926765321800783415e-01,9.810144430125803394e-01,9.804109378461369761e-01,9.822193979772237959e-01,9.966081782156990254e-01,9.067657030305156241e-01,9.795305444156836572e-01,9.796451875239549079e-01,9.844348191471109510e-01
9.538859463595400490e-01,9.502185144485084667e-01,9.577189097887605085e-01,9.501059828342153235e-01,9.518910612687619954e-01,9.833833606386779280e-01,9.497425987223527821e-01,9.542854237548993313e-01,9.644658604912390576e-01,9.520975493857917193e-01,8.410199948870578091e-01,8.259130332403896713e-01,9.590897102264864804e-01,9.492771251365382801e-01,9.957005766188964380e-01,9.522085754602629404e-01,9.529158107478226114e-01,9.540135540915898327e-01,9.546519513923048539e-01,9.988926010017844526e-01,9.536038061341224337e-01,9.606692188463850091e-01,9.549418905528195278e-01,9.951856941600238926e-01,9.493330373710624492e-01,9.671293190904712844e-01,9.899211076609911730e-01,9.498736082627619037e-01,9.566545277366578226e-01,9.527051266309092270e-01,9.606864468492473108e-01,9.970385394426735104e-01,8.976901111226437413e-01,9.519845321863497078e-01,9.487592454154620825e-01,9.550519423212873171e-01,9.510200107216293386e-01,9.495759740804616822e-01,9.551951299203820245e-01,9.509823902991229039e-01,9.888646644320424617e-01,9.520754775625177579e-01,9.689092426240544231e-01,9.531962949765073745e-01,9.508833689923950061e-01,9.524342003817866109e-01,9.545930233940321807e-01,8.340387993384681398e-01,9.955026890067228962e-01,9.675341925685442268e-01,9.926765321800783415e-01,-inf,9.518548944858959970e-01,9.509904007955759520e-01,9.539804097147658313e-01,9.803826411824637654e-01,9.467141627496316048e-01,9.496212811873551152e-01,9.497453745787881596e-01,9.574336976809328936e-01
9.999752879379152359e-01,9.999680316480644704e-01,9.997709733972187651e-01,9.999661344762679205e-01,9.999784387250431061e-01,9.915530120604152398e-01,9.999289481648591105e-01,9.999650820037427890e-01,9.986419224240482562e-01,9.999713918618442499e-01,6.390453014356133332e-01,6.221444119224499580e-01,9.996808739368350238e-01,9.999497521096489816e-01,9.742580409493593052e-01,9.999957881438503726e-01,9.999903127309627271e-01,9.999549388507942282e-01,9.999501196457800667e-01,9.574275310133668615e-01,9.999806533887289905e-01,9.994613938475725989e-01,9.998958142951435146e-01,9.569014922272407464e-01,9.999569368656079371e-01,9.983711479251367038e-01,9.847604169193198143e-01,9.999408932988926857e-01,9.997887678337212813e-01,9.999854487470819508e-01,9.995104166325771144e-01,9.555599660374306525e-01,7.202792891919783669e-01,9.999973467811478223e-01,9.999349500988959916e-01,9.999343402480285192e-01,9.999895415102865170e-01,9.998690592166770141e-01,9.999295792620821466e-01,9.999801599722988321e-01,9.811891903512035551e-01,9.998778693629493119e-01,8.712516412550899148e-01,9.999687379488936267e-01,9.999752220983445516e-01,9.999870800456446274e-01,9.999513112606398524e-01,6.425802494446856139e-01,9.733474972055856655e-01,9.980419179383701600e-01,9.810144430125803394e-01,9.518548944858959970e-01,-inf,9.999831940126333585e-01,9.999563218004355880e-01,9.931399194489819449e-01,8.083465024061190496e-01,9.999664215167085590e-01,9.999732863068647726e-01,9.998049199586113156e-01
9.999472499360241295e-01,9.999933418963620202e-01,9.996627668912648756e-01,9.999946717941107233e-01,9.999940754719374159e-01,9.911613336530101792e-01,9.999786670828858526e-01,9.999307950356917107e-01,9.983744263682990949e-01,9.999173352654839864e-01,6.372373885075427458e-01,6.204786934490345018e-01,9.995773046340902246e-01,9.999839732579685059e-01,9.735883563076225267e-01,9.999886026812759843e-01,9.999724389392598001e-01,9.999473922188862884e-01,9.998963293293690047e-01,9.564087778834491349e-01,9.999391063258237233e-01,9.993833912706088229e-01,9.998973274063202021e-01,9.557218592045869654e-01,9.999801362230452684e-01,9.981264639632700941e-01,9.841267025460809226e-01,9.999812646824882689e-01,9.997864536025363735e-01,9.999839108439039226e-01,9.994391675084945970e-01,9.543903742662447343e-01,7.184039434057343243e-01,9.999770663000819848e-01,9.999725312750469275e-01,9.998829078851226848e-01,9.999905609935271222e-01,9.999395090838507638e-01,9.998907856266027183e-01,9.999898943231987358e-01,9.803681214158863622e-01,9.998997143897352391e-01,8.690993057891128748e-01,9.999710969505475333e-01,9.999962185994211161e-01,9.999484053404025241e-01,9.999137083861580066e-01,6.407427032406163292e-01,9.725180718727656215e-01,9.977404871387289820e-01,9.804109378461369761e-01,9.509904007955759520e-01,9.999831940126333585e-01,-inf,9.999489221406927530e-01,9.927180246873148484e-01,8.064170467506526219e-01,9.999865907911594798e-01,9.999865214213078390e-01,9.997210801001377156e-01
9.999877639110978933e-01,9.999228727489563040e-01,9.998240913417272280e-01,9.999181232990838053e-01,9.999714908855529272e-01,9.923760173979929711e-01,9.998974809572991340e-01,9.999837034390022250e-01,9.987737564032023174e-01,9.998982997596108646e-01,6.447940159732719057e-01,6.278758729607143430e-01,9.997834412505948176e-01,9.998817013871731385e-01,9.756821175509098332e-01,9.999743080826588582e-01,9.999826051888597300e-01,9.999986185658815696e-01,9.999646971957564245e-01,9.591662372006535264e-01,9.999682937347380562e-01,9.996523613285316356e-01,9.999724446884805662e-01,9.583495860864683635e-01,9.998797857473238349e-01,9.986331747164300943e-01,9.857796202326960522e-01,9.999060243747752708e-01,9.999258506928678791e-01,9.999871064218788241e-01,9.997219064540521227e-01,9.571169904310699028e-01,7.251286580621751909e-01,9.999564593790469802e-01,9.998554571915295730e-01,9.999686535120649866e-01,9.999428002909283020e-01,9.998583174615477409e-01,9.999785825438427533e-01,9.999435169289243586e-01,9.820644110855114572e-01,9.998914899893882602e-01,8.734500962375743027e-01,9.999956354112106149e-01,9.999473659282864801e-01,9.999431962867023627e-01,9.999834423307017994e-01,6.479352777250190210e-01,9.747076846823431451e-01,9.982618094211194171e-01,9.822193979772237959e-01,9.539804097147658313e-01,9.999563218004355880e-01,9.999489221406927530e-01,-inf,9.938037994751983684e-01,8.119102323392346499e-01,9.998943438035814424e-01,9.998954849066874484e-01,9.998770206106462055e-01
9.938455544313407053e-01,9.924382937552646000e-01,9.953639568730681120e-01,9.923785773446287539e-01,9.930121798972081359e-01,9.995403179241897362e-01,9.921319453862081916e-01,9.939737756530434565e-01,9.975227557828141300e-01,9.933755110505698704e-01,7.210244619864437654e-01,7.056883139165410768e-01,9.956676487868896253e-01,9.920576391839109887e-01,9.932161613180920945e-01,9.932219062535241338e-01,9.934990155308749404e-01,9.938165283859349275e-01,9.942074167863473866e-01,9.842999801071257160e-01,9.938221116870165073e-01,9.961610814023317273e-01,9.940426459287674543e-01,9.839459492231880100e-01,9.920729887935252345e-01,9.981154959238398572e-01,9.980507601266199735e-01,9.922126650880671583e-01,9.946339467468772177e-01,9.933736474502345981e-01,9.960153523776680284e-01,9.831062745378014167e-01,7.944304244937264725e-01,9.932153852950178496e-01,9.918601827834104823e-01,9.942942143121826781e-01,9.927929836502593641e-01,9.918870843173218654e-01,9.943280099034829123e-01,9.927830719678861771e-01,9.966412148231710288e-01,9.928086238614270975e-01,9.213505447814521743e-01,9.934943603653365596e-01,9.926555710633175877e-01,9.934229571376047563e-01,9.941265250233014550e-01,7.232455227444214430e-01,9.933912454458447838e-01,9.982447036470334378e-01,9.966081782156990254e-01,9.803826411824637654e-01,9.931399194489819449e-01,9.927180246873148484e-01,9.938037994751983684e-01,-inf,8.711810490775536708e-01,9.922351424242775719e-01,9.923108955097814654e-01,9.950609195912885063e-01
8.120329044889784686e-01,8.049147104491825022e-01,8.203571523899589879e-01,8.047142228879213821e-01,8.080124652124375251e-01,8.769388442789235460e-01,8.036397079961855594e-01,8.127642456912310687e-01,8.355590630596861912e-01,8.093297815256216277e-01,9.509493354931589648e-01,9.493247775748077100e-01,8.226254970192604654e-01,8.031512239691561694e-01,9.189541322854096750e-01,8.088470846555230187e-01,8.101705017186152658e-01,8.119792674113639475e-01,8.137161800999314076e-01,9.419101006261356712e-01,8.117847598206743287e-01,8.260803924456769920e-01,8.137436353034244174e-01,9.408400980515523315e-01,8.031623171440795961e-01,8.398019136694404585e-01,8.965022568939780001e-01,8.038780007569057418e-01,8.171358086892324124e-01,8.097000067469840578e-01,8.248438485099042206e-01,9.431742146663059101e-01,9.835402911189417008e-01,8.086206926533499040e-01,8.021633129861261979e-01,8.142061600847484426e-01,8.066015648443068953e-01,8.028563728371821417e-01,8.145167635693060237e-01,8.065481684615819491e-01,9.031308975501457503e-01,8.076724886425383776e-01,9.818658915457398884e-01,8.103488676323588047e-01,8.060080804832839840e-01,8.095650875234471355e-01,8.133398251719362593e-01,9.432200330175921632e-01,9.199107904604908459e-01,8.416383399252457265e-01,9.067657030305156241e-01,9.467141627496316048e-01,8.083465024061190496e-01,8.064170467506526219e-01,8.119102323392346499e-01,8.711810490775536708e-01,-inf,8.038842474967634599e-01,8.042543781500968159e-01,8.189416705018329745e-01
9.998998454056922114e-01,9.999950379916371368e-01,9.995719031824692458e-01,9.999951482259850088e-01,9.999640621378433902e-01,9.905632642822970180e-01,9.999802384473904793e-01,9.998763649787941743e-01,9.982024199059261749e-01,9.999129062365214038e-01,6.339643237198145931e-01,6.170112207769584689e-01,9.994496477221502806e-01,9.999965384555680181e-01,9.725419466689451120e-01,9.999629493950196180e-01,9.999407881279438470e-01,9.998938223898513611e-01,9.998483358057057568e-01,9.552060399424643355e-01,9.999024040198341012e-01,9.992167813814708532e-01,9.998158079389983799e-01,9.546257769939981985e-01,9.999944640433429122e-01,9.979004932396368099e-01,9.834034516334263509e-01,9.999857018619043858e-01,9.996731951618554879e-01,9.999476816852018723e-01,9.992877047491517395e-01,9.532236518714902740e-01,7.153286131708405104e-01,9.999633622847906578e-01,9.999941368284307464e-01,9.998276139932467110e-01,9.999822126096791219e-01,9.999310002610657389e-01,9.998295341052143570e-01,9.999817028100463911e-01,9.796739599529213915e-01,9.998503346375369194e-01,8.674302848223692797e-01,9.999265848616954999e-01,9.999881291522251248e-01,9.999356815391586828e-01,9.998629477208778038e-01,6.378324532434851424e-01,9.715997511169670586e-01,9.975192695594670145e-01,9.795305444156836572e-01,9.496212811873551152e-01,9.999664215167085590e-01,9.999865907911594798e-01,9.998943438035814424e-01,9.922351424242775719e-01,8.038842474967634599e-01,-inf,9.999988139200202131e-01,9.996216327116242972e-01
9.999067912440571249e-01,9.999921340672407455e-01,9.995963656345808745e-01,9.999924303277737403e-01,9.999637929001360392e-01,9.906327847827118838e-01,9.999711376614200953e-01,9.998845738477590839e-01,9.982584591252698925e-01,9.999273304718648836e-01,6.341538822486689764e-01,6.172756028740892242e-01,9.994725157251717063e-01,9.999929817712959190e-01,9.726702428044643467e-01,9.999673067443559660e-01,9.999460088479372732e-01,9.998949310724221107e-01,9.998592684458731394e-01,9.553712523731490158e-01,9.999131654227207955e-01,9.992359814818557728e-01,9.998169317847157567e-01,9.548448844315993167e-01,9.999920083624111999e-01,9.979449938912946516e-01,9.835035942181936663e-01,9.999774194640038694e-01,9.996746128766880179e-01,9.999503594270304774e-01,9.992958145322852204e-01,9.534305779261932345e-01,7.156066814677755072e-01,9.999700864137813783e-01,9.999896195978065228e-01,9.998360692062878696e-01,9.999846121840787472e-01,9.999161180808374683e-01,9.998366591055158903e-01,9.999822183540116871e-01,9.798309492143832955e-01,9.998455445135173703e-01,8.678209178187390460e-01,9.999262392169764313e-01,9.999849662450638332e-01,9.999450562496592365e-01,9.998694591572147017e-01,6.380600968636495063e-01,9.717309089956407409e-01,9.975773624325106059e-01,9.796451875239549079e-01,9.497453745787881596e-01,9.999732863068647726e-01,9.999865214213078390e-01,9.998954849066874484e-01,9.923108955097814654e-01,8.042543781500968159e-01,9.999988139200202131e-01,-inf,9.996381644433858238e-01
9.999045572699826190e-01,9.996496195293727016e-01,9.999524670117306835e-01,9.996429004973420573e-01,9.997723341263771157e-01,9.938110672941730117e-01,9.995809385958728255e-01,9.999283771598255210e-01,9.993365140958563320e-01,9.997984184664454599e-01,6.527163420397182891e-01,6.353925151621113709e-01,9.999732610358880169e-01,9.995797065144513827e-01,9.783007343042554593e-01,9.998153661954762850e-01,9.998540019555741676e-01,9.998755163398791446e-01,9.999283676291270684e-01,9.627190095344890786e-01,9.998937980333276743e-01,9.997879444930825033e-01,9.998762699954444333e-01,9.619181028716393689e-01,9.996106941175030292e-01,9.992315442089489963e-01,9.878945860127943401e-01,9.996058855428583412e-01,9.998578262731341315e-01,9.998280726526628248e-01,9.998656565198652535e-01,9.609027301897833384e-01,7.330426676547323606e-01,9.998030461328099028e-01,9.995337871708105393e-01,9.999437674742718274e-01,9.997378724248467963e-01,9.995288710841889745e-01,9.999287544271481254e-01,9.997093149022678871e-01,9.843653426155295483e-01,9.997451798727026162e-01,8.798311955879993818e-01,9.998434534047441202e-01,9.997041971293334495e-01,9.998284725068400380e-01,9.999176380712444523e-01,6.549361380227487484e-01,9.774006408472997176e-01,9.989719778746108947e-01,9.844348191471109510e-01,9.574336976809328936e-01,9.998049199586113156e-01,9.997210801001377156e-01,9.998770206106462055e-01,9.950609195912885063e-01,8.189416705018329745e-01,9.996216327116242972e-01,9.996381644433858238e-01,-inf
